_ACN,Time_Date,Time_Local Time Of Day,Place_Locale Reference,Place_State Reference,Place_Relative Position.Angle.Radial,Place_Relative Position.Distance.Nautical Miles,Place_Altitude.AGL.Single Value,Place_Altitude.MSL.Single Value,Environment_Flight Conditions,Environment_Weather Elements / Visibility,Environment_Work Environment Factor,Environment_Light,Environment_Ceiling,Environment_RVR.Single Value,Aircraft 1_ATC / Advisory,Aircraft 1_Aircraft Operator,Aircraft 1_Make Model Name,Aircraft 1_Crew Size,Aircraft 1_Operating Under FAR Part,Aircraft 1_Flight Plan,Aircraft 1_Mission,Aircraft 1_Nav In Use,Aircraft 1_Flight Phase,Aircraft 1_Route In Use,Aircraft 1_Airspace,Aircraft 1_Maintenance Status.Maintenance Deferred,Aircraft 1_Maintenance Status.Records Complete,Aircraft 1_Maintenance Status.Released For Service,Aircraft 1_Maintenance Status.Required / Correct Doc On Board,Aircraft 1_Maintenance Status.Maintenance Type,Aircraft 1_Maintenance Status.Maintenance Items Involved,Aircraft 1_Cabin Lighting,Aircraft 1_Passengers On Board.Number,Aircraft 1_Crew Size Flight Attendant.Number Of Crew,Aircraft 1_Airspace Authorization Provider (UAS),Aircraft 1_Operating Under Waivers / Exemptions / Authorizations (UAS),Aircraft 1_Waivers / Exemptions / Authorizations (UAS),Aircraft 1_Airworthiness Certification (UAS),Aircraft 1_Weight Category (UAS),Aircraft 1_Configuration (UAS),Aircraft 1_Flight Operated As (UAS),Aircraft 1_Flight Operated with Visual Observer (UAS),Aircraft 1_Control Mode (UAS),Aircraft 1_Flying In / Near / Over (UAS),Aircraft 1_Passenger Capable (UAS),Aircraft 1_Type (UAS),Aircraft 1_Number of UAS Being Controlled (UAS),Component_Aircraft Component,Component_Manufacturer,Component_Aircraft Reference,Component_Problem,Aircraft 2_ATC / Advisory,Aircraft 2_Aircraft Operator,Aircraft 2_Make Model Name,Aircraft 2_Crew Size,Aircraft 2_Operating Under FAR Part,Aircraft 2_Flight Plan,Aircraft 2_Mission,Aircraft 2_Nav In Use,Aircraft 2_Flight Phase,Aircraft 2_Route In Use,Aircraft 2_Airspace,Aircraft 2_Maintenance Status.Maintenance Deferred,Aircraft 2_Maintenance Status.Maintenance Type,Aircraft 2_Maintenance Status.Maintenance Items Involved,Aircraft 2_Airspace Authorization Provider (UAS),Aircraft 2_Operating Under Waivers / Exemptions / Authorizations (UAS),Aircraft 2_Weight Category (UAS),Aircraft 2_Configuration (UAS),Aircraft 2_Flight Operated As (UAS),Aircraft 2_Flight Operated with Visual Observer (UAS),Aircraft 2_Control Mode (UAS),Aircraft 2_Flying In / Near / Over (UAS),Aircraft 2_Type (UAS),Aircraft 2_Number of UAS Being Controlled (UAS),Person 1_Location Of Person,Person 1_Location In Aircraft,Person 1_Reporter Organization,Person 1_Function,Person 1_Qualification,Person 1_Experience,Person 1_Cabin Activity,Person 1_Human Factors,Person 1_Communication Breakdown,Person 1_UAS Communication Breakdown,Person 1_ASRS Report Number.Accession Number,Person 2_Location Of Person,Person 2_Location In Aircraft,Person 2_Reporter Organization,Person 2_Function,Person 2_Qualification,Person 2_Experience,Person 2_Cabin Activity,Person 2_Human Factors,Person 2_Communication Breakdown,Person 2_ASRS Report Number.Accession Number,Events_Anomaly,Events_Miss Distance,Events_Were Passengers Involved In Event,Events_Detector,Events_When Detected,Events_Result,Assessments_Contributing Factors / Situations,Assessments_Primary Problem,Report 1_Narrative,Report 1_Callback,Report 2_Narrative,Report 2_Callback,Report 1_Synopsis,Anomaly_ATC Issue All Types,Anomaly_Aircraft Equipment Problem Critical,Anomaly_Aircraft Equipment Problem Less Severe,Anomaly_Airspace Violation All Types,Anomaly_Conflict Airborne Conflict,Anomaly_Conflict Ground Conflict,Anomaly_Conflict NMAC,Anomaly_Critical,Anomaly_Deviation - Altitude Excursion From Assigned Altitude,Anomaly_Deviation - Altitude Overshoot,Anomaly_Deviation - Altitude Undershoot,Anomaly_Deviation - Speed All Types,Anomaly_Deviation - Track / Heading All Types,Anomaly_Deviation / Discrepancy - Procedural Clearance,Anomaly_Deviation / Discrepancy - Procedural FAR,Anomaly_Deviation / Discrepancy - Procedural Hazardous Material Violation,Anomaly_Deviation / Discrepancy - Procedural Landing Without Clearance,Anomaly_Deviation / Discrepancy - Procedural MEL / CDL,Anomaly_Deviation / Discrepancy - Procedural Maintenance,Anomaly_Deviation / Discrepancy - Procedural Other / Unknown,Anomaly_Deviation / Discrepancy - Procedural Published Material / Policy,Anomaly_Deviation / Discrepancy - Procedural Unauthorized Flight Operations (UAS),Anomaly_Deviation / Discrepancy - Procedural Weight And Balance,Anomaly_Flight Deck / Cabin / Aircraft Event Illness / Injury,Anomaly_Flight Deck / Cabin / Aircraft Event Other / Unknown,Anomaly_Flight Deck / Cabin / Aircraft Event Passenger Electronic Device,Anomaly_Flight Deck / Cabin / Aircraft Event Passenger Misconduct,Anomaly_Flight Deck / Cabin / Aircraft Event Smoke / Fire / Fumes / Odor,Anomaly_Ground Event / Encounter Aircraft,Anomaly_Ground Event / Encounter FOD,Anomaly_Ground Event / Encounter Fuel Issue,Anomaly_Ground Event / Encounter Gear Up Landing,Anomaly_Ground Event / Encounter Ground Equipment Issue,Anomaly_Ground Event / Encounter Ground Strike - Aircraft,Anomaly_Ground Event / Encounter Jet Blast,Anomaly_Ground Event / Encounter Loss Of Aircraft Control,Anomaly_Ground Event / Encounter Loss Of VLOS (UAS),Anomaly_Ground Event / Encounter Object,Anomaly_Ground Event / Encounter Other / Unknown,Anomaly_Ground Event / Encounter Person / Animal / Bird,Anomaly_Ground Event / Encounter Vehicle,Anomaly_Ground Event / Encounter Weather / Turbulence,Anomaly_Ground Excursion Ramp,Anomaly_Ground Excursion Runway,Anomaly_Ground Excursion Taxiway,Anomaly_Ground Incursion Ramp,Anomaly_Ground Incursion Runway,Anomaly_Ground Incursion Taxiway,Anomaly_Inflight Event / Encounter Aircraft,Anomaly_Inflight Event / Encounter Bird / Animal,Anomaly_Inflight Event / Encounter CFTT / CFIT,Anomaly_Inflight Event / Encounter Fly Away (UAS),Anomaly_Inflight Event / Encounter Fuel Issue,Anomaly_Inflight Event / Encounter Loss Of Aircraft Control,Anomaly_Inflight Event / Encounter Object,Anomaly_Inflight Event / Encounter Other / Unknown,Anomaly_Inflight Event / Encounter Unstabilized Approach,Anomaly_Inflight Event / Encounter VFR In IMC,Anomaly_Inflight Event / Encounter Wake Vortex Encounter,Anomaly_Inflight Event / Encounter Weather / Turbulence,Anomaly_Less Severe,Anomaly_No Specific Anomaly Occurred Unwanted Situation,HumanFactors_Communication Breakdown,HumanFactors_Confusion,HumanFactors_Distraction,HumanFactors_Fatigue,HumanFactors_Human-Machine Interface,HumanFactors_Other / Unknown,HumanFactors_Physiological - Other,HumanFactors_Situational Awareness,HumanFactors_Time Pressure,HumanFactors_Training / Qualification,HumanFactors_Troubleshooting,HumanFactors_Workload,Contributing_ATC Equipment / Nav Facility / Buildings,Contributing_Aircraft,Contributing_Airport,Contributing_Airspace Structure,Contributing_Chart Or Publication,Contributing_Company Policy,Contributing_Environment - Non Weather Related,Contributing_Equipment / Tooling,Contributing_Human Factors,Contributing_Incorrect / Not Installed / Unavailable Part,Contributing_Logbook Entry,Contributing_MEL,Contributing_Manuals,Contributing_Procedure,Contributing_Software and Automation,Contributing_Staffing,Contributing_Weather
1229924,201501,0601-1200,ZZZ.Airport,US,,,0.0,,VMC,Crosswind; 40,,Daylight,10000,,CTAF ZZZ,Personal,Champion Citabria 7ECA,1.0,Part 91,,Personal,,Landing,Visual Approach,Class G ZZZ,,,,,,,,,,,,,,,,,,,,,,,Main Gear,,X,Failed,,,,,,,,,,,,,,,,,,,,,,,,,Aircraft X,Flight Deck,Personal,Single Pilot,Flight Crew Private,Flight Crew Last 90 Days 30; Flight Crew Total 104.4; Flight Crew Type 42.7,,Human-Machine Interface,,,1229924,,,,,,,,,,,Aircraft Equipment Problem Critical; Ground Event / Encounter Ground Strike - Aircraft; Ground Excursion Runway; Inflight Event / Encounter Loss Of Aircraft Control,,,Person Flight Crew,In-flight,Aircraft Aircraft Damaged; Flight Crew Took Evasive Action,Aircraft; Human Factors,Aircraft,Landing in an Aeronca champ with a 5-6 knot cross wind. Touched wheels at 70 mph. Lifted off the grass to settle into a three point attitude. Dropped from about two feet. Less than in past landings. As soon as all three wheels touched down; it felt like the left brake was locked. The cross wind was from the left. I used full aileron and rudder deflection to the right. The plane was still veering to the left. I then used full right brake. Scary at that speed. Even with full right brake; the plane was still veering to the left. When the plane had turned 90 Degrees to the left; there was a boat in the current path; I released right pressure on the rudder. The tail came around quickly at that point. The wings were level until the plane stopped completely. With the plane completely stopped; pointing toward the field; I added a little power to taxi back on the runway. At this point; the left gear gave way in slow motion. The left wing tip slowly came to a rest on the ground. The Ground loop circle was about 75-100 FT diameter. It could have been pilot error but it doesn't sound like a normal ground loop. The left gear collapsed completely. In a normal ground loop; I think the outside gear would collapse; not the inside. The right wing never came close to the ground. I think the oleo gear attachment point broke; causing the large diameter slow acting ground loop.,,,,Aeronca Champ pilot experiences a brake and gear anomaly during landing resulting in a locked left brake and a ground loop to the left. After the aircraft is stopped an attempt to taxi on to the runway results in the left gear failing in slow motion.,0,1,0,1,0,0,0,0,0,0,0,0,0,1,1,1,1,1,1,1,1,1,1,0,0,0,1,0,0,0,0,0,0,1,0,0,0,0,0,0,0,0,0,1,0,0,0,0,0,0,0,0,0,0,0,0,0,0,0,0,0,0,0,0,0,0,1,0,0,0,0,0,0,0,0,1,0,0,0,0,0,0,1,0,0,0,0,0,0,0,0
1230694,201501,1201-1800,ZZZ.Airport,US,,,,,VMC,,,,,,Tower ZZZ,,BAe 125 Series 800,2.0,,IFR,,,,,,,,,,,,,,,,,,,,,,,,,,,,Gear Extend/Retract Mechanism,,X,Malfunctioning,,,,,,,,,,,,,,,,,,,,,,,,,Aircraft X,Flight Deck,Air Taxi,First Officer; Pilot Not Flying,Flight Crew Air Transport Pilot (ATP),,,Human-Machine Interface,,,1230694,,,,,,,,,,,Aircraft Equipment Problem Critical; Flight Deck / Cabin / Aircraft Event Smoke / Fire / Fumes / Odor; Inflight Event / Encounter Bird / Animal,,N,Person Flight Crew,In-flight,Aircraft Aircraft Damaged; Flight Crew Landed in Emergency Condition; Flight Crew Inflight Shutdown; General Declared Emergency,Aircraft; Environment - Non Weather Related,Environment - Non Weather Related,After takeoff with positive rate of climb; the gear was selected up. The gear handle stopped only halfway. I left the gear selected in the down position and figured that we would gain altitude and check it out. I looked out the front and saw a flock of geese. I said it out loud to make sure the pilot flying had seen them; however there was nowhere to go. We then heard and felt geese hit the plane. The left engine indications became erratic and we decided to return for landing. I informed the tower of what had happened and our intentions. We were cleared to enter downwind and land. I then heard someone say that our left engine was smoking. We had gained enough altitude to make the decision to shut the left engine off; especially with the indications we were getting and the fact that it was reported smoking. We landed cautiously with the knowledge that the gear was down during the bird strike and could potentially be damaged. The landing was normal and we taxied to parking.,,,,Distracted by a landing gear that failed to retract; the flight crew of a BAE-125-850XP noted a gaggle of geese too close ahead to avoid; and felt one or more strike the aircraft. The impact was followed by erratic indications and a report of smoke from the left engine heard over the radio. They performed an inflight shut down; and returned to their departure airport for an uneventful landing.,0,1,0,1,0,0,0,0,0,0,0,0,0,1,1,1,1,1,1,1,1,1,1,0,0,0,1,1,0,0,0,0,0,0,0,0,0,0,0,0,0,0,0,0,0,0,0,0,0,1,0,0,0,0,0,0,0,0,0,0,0,0,0,0,0,0,1,0,0,0,0,0,0,0,0,1,0,0,0,0,1,0,0,0,0,0,0,0,0,0,0
1230739,201501,0601-1200,ZZZ.Airport,US,,,0.0,,,,,Daylight,,,Ramp ZZZ,FBO,Skyhawk 172/Cutlass 172,2.0,Part 91,,Training,,Parked,,,,,,,,,,,,,,,,,,,,,,,,,,,,,,,,,,,,,,,,,,,,,,,,,,,,,Aircraft X,Flight Deck,FBO,Instructor,Flight Crew Flight Instructor,,,Situational Awareness,,,1230739,,,,,,,,,,,Conflict Ground Conflict; Critical; Ground Event / Encounter Aircraft,,,Person Flight Crew,Taxi,Aircraft Aircraft Damaged,Human Factors,Human Factors,While returning from the practice area with my student; we began taxiing into the ramp and noticed the fuel truck was fueling another company Cessna 172. Unable to continue to parking due to the fuel truck being on duty; we began taxiing behind the first Cessna 172 parking line. We were already aware there were not any parking spots left on the first Cessna ramp; but continued towards the end of the line; pulled in; shutoff the engine and set the parking brake. I was dropping off my student who was getting prepared for his solo. As I begin to exit the aircraft and grab my belongings; another company Cessna 172 was attempting to pass behind us when it accidently struck us on the rudder portion with its right wing. Upon impact both flight instructors disembarked the aircraft and notified the appropriate personnel of the incident. In order to prevent such incidents in the future flight crews should just wait. If 'can I make it through there' comes to your mind; it's probably is a bad idea. Waiting and not taking unnecessary risks is the best option.,,,,C172 instructor reports shutting down short of his parking place due to a fuel truck in the way. Another company C172 attempting to taxi past strikes the rudder with a wingtip.,0,0,0,1,0,0,0,0,0,0,0,0,0,1,1,1,1,1,1,1,1,1,1,0,0,0,1,0,1,0,0,0,0,0,0,0,0,0,0,0,0,0,0,0,0,0,0,0,0,0,0,0,0,0,0,0,0,0,0,0,0,0,0,0,0,0,0,0,0,1,0,0,0,0,0,0,0,0,0,0,0,0,1,0,0,0,0,0,0,0,0
1230761,201501,1801-2400,ZZZ.Airport,US,,,,,,Snow,Temperature - Extreme,Night,,,,Fractional,Citation V/Ultra/Encore (C560),,Part 135,,,,Parked,,,Y,,N,,Scheduled Maintenance,Inspection; Work Cards; Repair,,,,,,,,,,,,,,,,,Aileron,Cessna,X,Malfunctioning,,,,,,,,,,,,,,,,,,,,,,,,,Gate / Ramp / Line,,Fractional,Technician,Maintenance Powerplant; Maintenance Airframe,,,Confusion; Communication Breakdown,Party1 Maintenance; Party2 Maintenance,,1230761,,,,,,,,,,,Aircraft Equipment Problem Critical; Deviation / Discrepancy - Procedural Published Material / Policy,,N,Person Maintenance,Routine Inspection,Aircraft Aircraft Damaged; General Maintenance Action; General Flight Cancelled / Delayed,Human Factors; Incorrect / Not Installed / Unavailable Part; Procedure; Manuals,Human Factors,January 2015. While performing the preliminary inspection on a Cessna CE560EP aircraft; I found the inboard end of the L/H aileron contacting the wing rib directly inboard of the aileron. The rivets and screws retaining the balance weight cover were gouging into the rib. I notified Maintenance Control. I recorded the damage and contact between the aileron and structure. The aircraft was outside in -8 degree temperatures and snow. The initial response for Maintenance Control was to grind the aileron to get clearance; because it was the busy season and our operator really needed the aircraft. That was not even an option in my opinion. Maintenance Control had a Contract Engineering company draft an Engineering Order (E/O) in which we were to grind down the rivet contacting the rib; and grant the aircraft 300 hours flight time before the repair was made. I forwarded the information to our company Safety Representative Mr. X. I also discussed this E/O with a senior inspector and we both agreed that this was not a safe option. The later E/O was to grind the rivet down; and fly the aircraft under Ferry permit to get repaired properly. Two days later we performed the repair per the E/O to ensure the rivet could not impede the movement of the aileron and performed a Ferry Flight inspection. Three days after that; I was notified by Safety Representative Mr. X that the aircraft had flown to our Base Station for repairs and the aileron was found to be the wrong part number installed three years prior. The CE-560 Illustrated Parts Catalog (IPC) has had many changes over time with the 560 series aircraft. I don't understand how the paperwork was missed during initial install of the aileron. Are the pre-flight checklist procedures incomplete? How was this missed? Excessive cold. Aircraft damage. Flight cancelled.,,,,A Line Aircraft Maintenance Technician (AMT) reports finding the inboard end of a left aileron contacting a wing rib directly inboard of the aileron on a Cessna CE-560EP aircraft. Rivets and screws retaining the balance weight cover were gouging into the rib. Aileron had been installed three years earlier; but was found to be incorrect for the aircraft.,0,1,0,1,0,0,0,0,0,0,0,0,0,1,1,1,1,1,1,1,1,1,1,0,0,0,1,0,0,0,0,0,0,0,0,0,0,0,0,0,0,0,0,0,0,0,0,0,0,0,0,0,0,0,0,0,0,0,0,0,0,0,1,1,0,0,0,0,0,0,0,0,0,0,0,0,0,0,0,0,0,0,1,1,0,0,1,1,0,0,0
1231974,201501,1201-1800,ZZZ.Airport,US,,,,,VMC,10,,Daylight,,,Tower ZZZZ,Air Taxi,PA-23-250 Aztec,1.0,Part 135,,Passenger,,Parked,Direct,,N,,N,,Unscheduled Maintenance,Inspection; Repair; Work Cards,,,,,,,,,,,,,,,,,Gear Extend/Retract Mechanism,Piper,X,Design; Malfunctioning,,,,,,,,,,,,,,,,,,,,,,,,,Aircraft X,Flight Deck,Air Taxi,Captain; Pilot Flying; Single Pilot,Flight Crew Flight Instructor; Flight Crew Instrument; Flight Crew Air Transport Pilot (ATP); Flight Crew Multiengine,Flight Crew Last 90 Days 82; Flight Crew Total 2608; Flight Crew Type 571,,Confusion,,,1231974,,,,,,,,,,,Aircraft Equipment Problem Critical; Ground Event / Encounter Ground Strike - Aircraft,,Y,Person Flight Crew,Pre-flight,Aircraft Aircraft Damaged; General Flight Cancelled / Delayed; General Maintenance Action,Aircraft,Aircraft,Was to depart VFR on a PA23-250 AZTEC late afternoon. Boarded with two passengers and one crew (myself). Completed the safety briefings and then the pre-start checks. Upon cranking the right engine for start the left main gear collapse. When mechanics arrived and lifted the left wing up and placed it on a jack; the right gear then collapsed. After raising the right wing the nose gear started to retract; but was saved in time by tying the tail down. It is suspected that the anti-retraction valve or some valve inside the main hydraulic housing may be at fault.,Reporter stated all three landing gears showed down and locked with three 'Green' lights prior to his attempt to start the Right Engine. The twin engine PA23 AZTEC he was preparing to fly has only one Engine Driven Hydraulic Pump (EDP) compared to the 'F' Model AZTECs with two EDPs. Flaps and Landing gear are all hydraulically driven with the landing gears having hydraulic priority over the flaps. That decision is controlled by a priority valve inside a hydraulic module under the floor. The Anti-Retraction switch on the Left Main gear that he referenced in his report is similar to a Squat switch. Reporter stated their Engine Start procedures include placing the Flap handle in the 'Up' position before cranking the Right Engine with the only hydraulic EDP. That procedure would ensure the flaps were up and when hydraulic pressure reached approximately 600 psi; the flap handle would then pop back to the neutral position. With the Left Main Gear compressed; the Squat switch signal to the Hydraulic module should also keep the Anti-Retraction valve closed. After the Left Main collapsed and mechanics lifted the wing; they started pulling the Left gear aft; that's when the Right Gear collapsed. Both Main gears retract forward; not inboard or outboard. The Nose Gear retracts aft. If the single Engine Driven hydraulic pump fails; an Emergency Hand pump can be used to pump up hydraulic pressure. If that fails; a CO2 bottle will blow the gears down. Plans were to replace the Hydraulic module and ferry the aircraft to their Maintenance Base. Since his incident; another pilot told him about a similar event that had just occurred on that pilot's PA23 aircraft.,,,Pilot reports that upon cranking the Right Engine for start on a Piper PA23 Aztec; the Left Main Gear collapsed; followed by the Right Main Gear collapsing when mechanics had lifted the left wing. After mechanics raised the right wing; the Nose Gear started to collapse.,0,1,0,1,0,0,0,0,0,0,0,0,0,1,1,1,1,1,1,1,1,1,1,0,0,0,1,0,0,0,0,0,0,1,0,0,0,0,0,0,0,0,0,0,0,0,0,0,0,0,0,0,0,0,0,0,0,0,0,0,0,0,0,1,0,0,0,0,0,0,0,0,0,0,0,1,0,0,0,0,0,0,0,0,0,0,0,0,0,0,0
1232434,201501,1201-1800,ZZZ.TRACON,US,,,,2600.0,VMC,,,Daylight,,,TRACON ZZZ,Personal,Skyhawk 172/Cutlass 172,2.0,Part 91,VFR,Training,,Cruise,Direct; Visual Approach,Class E ZZZ,,,,,,,,,,,,,,,,,,,,,,,Engine,,X,Malfunctioning,,,,,,,,,,,,,,,,,,,,,,,,,Aircraft X,Flight Deck,Personal,Pilot Flying,Flight Crew Private; Flight Crew Instrument,Flight Crew Last 90 Days 0; Flight Crew Total 440.8; Flight Crew Type 278.6,,,,,1232434,Aircraft X,Flight Deck,Personal,Instructor,Flight Crew Multiengine; Flight Crew Air Transport Pilot (ATP); Flight Crew Flight Instructor; Flight Crew Instrument,Flight Crew Last 90 Days 75; Flight Crew Total 13500; Flight Crew Type 2000,,Workload,,1232442.0,Aircraft Equipment Problem Critical; Inflight Event / Encounter Object,,,Person Flight Crew,In-flight,Aircraft Aircraft Damaged; Flight Crew Landed in Emergency Condition,Aircraft,Aircraft,We were about 1.4 hours into an instrument Proficiency check ride with my Instructor. We had performed three approaches at two different airports and we're returning to our home airport to perform the RNAV XY approach. We had been cleared VFR direct to ZZZZZ Intersection; at or below 2700 by Approach. We were in level flight at about 2;600 MSL; 7-8 NM Southwest of Airport; when suddenly; without warning; the plane started vibrating violently. [The instructor] immediately grabbed the controls and I released them stating 'you have the plane'. [He] being the much more experienced pilot we both believed; without discussion; this was appropriate. [He] executed a 180 degree turn to the left intending to return to ZZZ. He immediately notified ATC and Squawked 7700 on the transponder. By this time copious amounts of smoke and oil were spewing from engine cowling and we became concerned about a fire. [He] quickly decided that we were unlikely to be able to make it back to ZZZ with a 10-20 KT head wind; and with a potential fire; getting on the ground quickly seemed our best choice. He stated his intentions and I fully agreed. We both started looking for a suitable landing site; which we quickly identified; and [he] executed a rapid descent. As we approached the selected field we noticed high power lines on the final approach path and [he] maneuvered to descend below them; which we did. As we passed below the wires there was an audible 'Bang' but the flight path of the plane was unaltered. We continued on final approach and [he] executed a perfect soft field landing in a tilled; frozen; cornfield. There were no injuries. We both unbuckled our seatbelts and exited the plane quickly and walked away. There was no fire and the plane remained upright on its landing gear. Upon Landing we contacted 911; and the FAA. We visually inspected the plane after landing and noticed damage to the plastic wing tip fairing of the right wing. There was no observable damage to any other surface of the plane including the Tail. Later that day we participated in an inspection of the plane and the landing site with an FAA Aviation Safety Inspector; and his team. They determined that it was best to wait until the plane was recovered to a hangar to remove the cowling and inspect the engine compartment. So we have no in sight as to the cause of the engine failure at this time. We returned to Airport ZZZ FBO and were interviewed by the inspection team. We were not informed that there were any violations or discrepancies at the time of this interview.,,Serving as a flight instructor performing an instrument training flight combined with an IPC (Instrument Proficiency Check). I immediately turned to ZZZ the nearest airport but realized instantly that I did not have enough altitude to make the airport. I then flew to the southeast to the only area that had suitable landing sites. By now smoke was pouring out from under the engine cowling and a film of oil had coated my side of the windscreen. On final we both noticed high tension power lines at our altitude in front of us. I did not believe I could clear the wires over the top as the engine was not making power. This left only one option which was to go under the high tension wires. I wanted to get on the ground as soon as possible as I was concerned of an engine fire. Landing was uneventful save for some minor damage to the right wingtip for reason I cannot explain. I had informed TRACON. I think there was some confusion so I read back my tail number and told ATC that I would squawk 7700 which I did. The ELT went off during rollout. There were no injuries to client and myself.,,A pilot and instructor in a C172 experienced an engine failure that resulted in an off field landing.,0,1,0,1,0,0,0,0,0,0,0,0,0,1,1,1,1,1,1,1,1,1,1,0,0,0,1,0,0,0,0,0,0,0,0,0,0,0,0,0,0,0,0,0,0,0,0,0,0,0,0,0,0,0,1,0,0,0,0,0,0,0,0,0,0,0,0,0,0,0,0,0,0,0,0,1,0,0,0,0,0,0,0,0,0,0,0,0,0,0,0
1232440,201501,1801-2400,ZZZ.Airport,US,,,,2000.0,VMC,Icing,,Night,2800,,Tower ZZZ,Fractional,King Air C90 E90,1.0,Part 91,IFR,Passenger,,Initial Approach,Visual Approach; Direct,Class C ZZZ,,,,,,,,,,,,,,,,,,,,,,,Gear Extend/Retract Mechanism,,X,Improperly Operated; Malfunctioning,,,,,,,,,,,,,,,,,,,,,,,,,Aircraft X,Flight Deck,Fractional,Single Pilot; Pilot Flying,Flight Crew Air Transport Pilot (ATP); Flight Crew Flight Instructor; Flight Crew Instrument; Flight Crew Multiengine,Flight Crew Last 90 Days 86; Flight Crew Total 2300; Flight Crew Type 73,,Training / Qualification; Workload; Troubleshooting; Human-Machine Interface,,,1232440,,,,,,,,,,,Aircraft Equipment Problem Critical; Deviation / Discrepancy - Procedural Published Material / Policy; Ground Event / Encounter Gear Up Landing,,Y,Person Flight Crew,In-flight,Aircraft Aircraft Damaged; Flight Crew Diverted,Aircraft; Human Factors,Aircraft,The ceiling was 2800 feet; when we got below it we saw the airport and cancelled IFR; to do the visual approach to runway 18. We had a small amount of clear ice from the descent. I entered the downwind; and when I did the before landing checklist; I put the gear handle down; and the handle illuminated red; we also had no green lights. I stayed at pattern altitude; and began circling the airport to troubleshoot the gear issue. To make sure the indication of the red handle was correct; I did several things. I pulled the power levers back to a point at which the gear horn should sound; I put the flaps past approach; and I turned on the landing lights (which will give you an annunciator). All of which told me the gear was not down.I had seven passengers on board; all of which are Part 135 pilots. The passenger in the co-pilots seat was a Lear first officer. I decided to use him as a cockpit resource; and used CRM. I called for the Emergency Gear Extension Checklist; he pulled out the checklist; and we performed it. With him reading it; and I did the actions. We accomplished the checklist and still had the red handle light. So; I gave him the controls; and we continued to circle the airport. While he was flying; I read the checklist; and ensured proper completion of the items. We continued circling; and troubleshooting the issue.Since the checklist had not worked; I decided to clean up the airplane; and execute the Emergency Gear Extension Checklist again; to double check we had done it properly. At this time I took the controls back; and decided to divert to [a nearby towered airport that had] fire and rescue. En route we accomplished the checklist again; and still had the red light in the handle. When I would try to use the manual gear pump; there was no resistance. The other pilot tried pumping it; and had no resistance. At this time one of the passengers from the back came up front to try to assist; he is a Part 135 Citation Captain; he read the placard near the manual gear handle; and tried pumping it also. He had no resistance on the pump.I did two low passes over runway 17L; so the tower could look at the gear for us; they told us the gear was up. We were low on fuel at this point; and I did not want to risk a flameout. After the second pass; tower cleared me for a visual approach to land on 17R. I briefed the approach to my passenger in the co-pilots seat. I told him we were going to do a gear up landing; and that I would be feathering the props when we have ensured we are going to make the runway; and that when he sees that both props are feathering to pull both of the condition levers to cut off. So that the engines would not be running when we landed. At approximately 100 AGL; we had the runway made; I feathered the props; and he pulled the condition levers. We touched down centerline on runway 17R; we slid; and stayed centerline until we had almost stopped. Then the plane slid a little left of centerline; but stayed in the center of the runway. We evacuated the airplane as soon as we stopped. This happened last night; today maintenance explained to me that I had not properly turned the manual gear release handle. I read the checklist; and the placard next to the handle; which gives directions to release handle. I thought I had done it properly.Contributing Factors-Night-It was a long day; I had been up for almost 15 hours when this occurred-Minimum Fuel-I have not been to training where I physically did a manual gear extension in a king air in over 2 1/2 years. -I have gone to initial training for 3 other aircraft since I did the training for King Airs.,,,,When the landing gear all failed to extend the pilot of a King Air went around to evaluate his situation; utilizing assistance from several deadheading pilots. When they were unable to extend the gear successfully by normal or emergency means they made a safe landing; minimizing damage to the greatest extent possible.,0,1,0,1,0,0,0,0,0,0,0,0,0,1,1,1,1,1,1,1,1,1,1,0,0,0,1,0,0,0,0,0,0,0,0,0,0,0,0,0,0,0,0,0,0,0,0,0,0,0,0,0,0,0,0,0,0,0,0,0,0,0,0,0,0,0,1,0,0,0,0,1,1,1,0,1,0,0,0,0,0,0,1,0,0,0,0,0,0,0,0
1234702,201501,1201-1800,ZZZZ.Airport,FO,,,0.0,,,,,Daylight,,,Ramp ZZZZ,Air Carrier,MD-11,3.0,Part 121,IFR,Cargo / Freight / Delivery,,Parked,,,,,,,,,,,,,,,,,,,,,,,,,Leading Edge Slat,,X,Failed,,,,,,,,,,,,,,,,,,,,,,,,,Aircraft X,Flight Deck,Air Carrier,Pilot Flying; Captain,Flight Crew Air Transport Pilot (ATP),,,Confusion,,,1234702,Aircraft X,Flight Deck,Air Carrier,First Officer,,,,Confusion,,1235084.0,Aircraft Equipment Problem Less Severe,,,Person Maintenance,Aircraft In Service At Gate,Aircraft Aircraft Damaged; General Maintenance Action,Aircraft,Aircraft,After shutdown checklist and all debriefs complete; and getting ready to disembark aircraft; RFO mentioned that the aircraft had some damage. I was flabbergasted because I was unaware of any errors or actions we would have done to cause any damage!  As soon as I stepped over to the door and the top of the stairs; it was obvious that part of the right inboard slat had been damaged. It appeared that the outer edge (which is a shiny metallic verses dull aluminum) had been torn back and was missing rivets. Maintenance notified us of the damage after we blocked in; and we have no idea how it occurred. Obviously there was a problem when the slats were retracted; something caught and caused the metal to be bent up and away from the wing; tearing the rivets out. As a crew; we were unaware of any damage during the flight until after we had blocked in. I asked maintenance if they wanted me to write it up; but they said they would do it since it was damage noted on the post flight inspection. Upon arriving at the hotel I called the Dispatch to inform them about aircraft damage per FOM. I verified they did write it up by checking the aircraft maintenance history.I was unaware of any damage to the aircraft until we blocked in. It could have occurred on slats retract on departure or possibly on the after landing checklist. There were no alerts in the aircraft; nor did there seem to be any adverse performance affects over the 9+ hour flight.,,Upon further inspection; it appears the moveable slat edge cover had bound up on the fixed slat cover and partially tore the fixed slat cover plate off the wing during the retraction process. No flight issues were noted that would have caused this damage. This damage was not done prior to departure. No odd flight characteristics were recognized by the flight crew.,,After gate arrival; Maintenance notified the crew that the left wing inboard slat movable edge cover bound on the fixed slat cover and partially tore the fixed slat cover plate off.,0,0,1,1,0,0,0,0,0,0,0,0,0,1,1,1,1,1,1,1,1,1,1,0,0,0,1,0,0,0,0,0,0,0,0,0,0,0,0,0,0,0,0,0,0,0,0,0,0,0,0,0,0,0,0,0,0,0,0,0,0,0,0,1,0,0,0,0,0,0,0,0,0,0,0,1,0,0,0,0,0,0,0,0,0,0,0,0,0,0,0
1235135,201501,1201-1800,ZZZ.Airport,US,,1.0,500.0,,VMC,,,Daylight,,,,,M-20 K (231) / Encore,1.0,,,Test Flight / Demonstration,,Initial Climb,,Class E ZZZ,N,,,,Scheduled Maintenance,Repair; Installation,,,,,,,,,,,,,,,,,Engine Exhaust System,,X,Malfunctioning,,,,,,,,,,,,,,,,,,,,,,,,,Aircraft X,Flight Deck,Other Remote Sensing,Pilot Flying; Single Pilot,Flight Crew Instrument; Flight Crew Flight Instructor; Flight Crew Multiengine; Flight Crew Commercial,Flight Crew Last 90 Days 40; Flight Crew Total 2000; Flight Crew Type 615,,Communication Breakdown,Party1 Maintenance; Party2 Maintenance,,1235135,,,,,,,,,,,Aircraft Equipment Problem Critical; Deviation / Discrepancy - Procedural Maintenance; Deviation / Discrepancy - Procedural Published Material / Policy; Flight Deck / Cabin / Aircraft Event Smoke / Fire / Fumes / Odor,,N,Person Flight Crew,In-flight,Aircraft Aircraft Damaged; Flight Crew Returned To Departure Airport; General Maintenance Action; General Flight Cancelled / Delayed,Procedure; Human Factors,Human Factors,The exhaust system on our Mooney M20K-305 had been repaired and this was the first flight post maintenance. Shortly after takeoff; climbing through approx. 500 feet AGL; the engine monitor alarm indicated a high and rapidly rising Cylinder Head Temperature (CHT). Suspecting detonation/pre-ignition; power was reduced to minimum needed for level flight and a left turn to enter a downwind for runway 27 was started. At this point I noticed a hot/burning smell. A tight pattern was flown and the aircraft promptly landed. Exiting the aircraft; smoke was seen rising from the engine cowling near the air inlet. This was extinguished with a fire extinguisher and the cowling removed. The inside of the cowling was visibly damaged due to melting/extreme heating from what appeared to be the exhaust manifold. Post inspection revealed that the exhaust system had been improperly assembled. The exhaust manifold from the cylinders was not fully fitted into the slip joint of the exhaust Y-tube transition pipe. It was approximately one inch out of place. This reduced the clearance between the exhaust and cowling causing the melting and smoking. Additionally; because the manifold was out of place; there was a small gap between the cylinder head and the exhaust manifold flanges. Exhaust leaks from this area potentially caused the high CHT indication. In the future; a much more in-depth post maintenance inspection is necessary to prevent a recurrence.,Reporter stated the exhaust manifold was previously sent out for repair after a small hole was noticed in the manifold during an Annual Inspection. When mechanics reinstalled the exhaust manifold they were apparently hoping the attaching nuts would help pull-in and seat the manifold against the engine. But that did not happen. Instead; the small gap that still existed between the exhaust manifold and the engine allowed hot gases to blow near the Cylinder Head Temperature (CHT) sensor causing a high temp indication. The smoke and heat damage to the engine cowling was caused by the same exhaust manifold not being properly fitted into the slip joint of the exhaust Y-tube transition pipe.,,,A single pilot reports that on the first flight after Maintenance repaired the Exhaust System on their Mooney M20K-305 aircraft; they noticed a hot/burning smell and the engine monitor alarm indicated a high and rapidly rising Cylinder Head Temperature (CHT). Exhaust manifold from cylinders was not fully fitted into the slip joint of the exhaust Y-tube transition pipe causing smoke; extreme heating and melting of an engine cowling.,0,1,0,1,0,0,0,0,0,0,0,0,0,1,1,1,1,1,1,1,1,1,1,0,0,0,1,1,0,0,0,0,0,0,0,0,0,0,0,0,0,0,0,0,0,0,0,0,0,0,0,0,0,0,0,0,0,0,0,0,0,0,1,0,0,0,0,0,0,0,0,0,0,0,0,0,0,0,0,0,0,0,1,0,0,0,0,1,0,0,0
1235589,201501,0601-1200,ZZZ.Airport,US,,,,,,,,Daylight,,,,Air Carrier,B767-300 and 300 ER,,Part 121,,Cargo / Freight / Delivery,,Taxi,,,,,N,,Unscheduled Maintenance,Repair,,,,,,,,,,,,,,,,,Cowling,,X,,,,,,,,,,,,,,,,,,,,,,,,,,Aircraft X,Flight Deck,Air Carrier,Technician,Maintenance Powerplant; Maintenance Airframe,,,Situational Awareness; Confusion,,,1235589,Gate / Ramp / Line,,Air Carrier,Technician,Maintenance Airframe; Maintenance Powerplant,,,,,1235590.0,Aircraft Equipment Problem Critical; Deviation / Discrepancy - Procedural Published Material / Policy; Ground Event / Encounter Object,,N,Person Maintenance,Taxi,Aircraft Aircraft Damaged; General Maintenance Action,Aircraft; Procedure; Human Factors,Human Factors,After parking aircraft and setting parking brake; we shut the left engine down; then the right Eng. At that point I felt the plane rock a little and looked up and saw we had moved forward. [Aircraft departure] delay. Human Factors: Norms and Lack of Awareness.,Reporter stated he was in the Right seat watching the aircraft out of the cockpit windows and EICAS Engine display. He thought the Parking Brake was set. The Left Engine nose cowl was damaged. The B767-300 Parking Brake handle may seem engaged; but he has seen the handle move slowly away from the brake set detent in the past with the Brake handle light on. Mechanics and pilots have to really apply pressure to the brake pedals to properly set the brakes.,B767-300 aircraft was returning from performing an engine vibration survey. I was assigned to direct the taxiing mechanic to gate.  Once he arrived at its designated spot; I motioned him to set the brakes and he motioned back to me confirming for brakes set. I verified the brakes as being set by the light indication on the nose wheel. I then proceeded towards the plane to connect Ground Power Unit (GPU) and isolation pin and chocks when suddenly the plane started rolling forward until it came to rest at the crew stairs.,,Three Line Aircraft Maintenance Technicians (AMT) report about a B767-300 aircraft suddenly rolling forward after the Parking Brake set signal was given to the taxi-in guide. The Left Engine nose cowl had struck a previously positioned aircraft entry stand. Concerns raised that the Parking Brake handle pawl stop pin could rest against the pawl's lip rather than within the pawl's cutout; giving a false indication of full engagement.,0,1,0,1,0,0,0,0,0,0,0,0,0,1,1,1,1,1,1,1,1,1,1,0,0,0,1,0,0,0,0,0,0,0,0,0,0,1,0,0,0,0,0,0,0,0,0,0,0,0,0,0,0,0,0,0,0,0,0,0,0,0,0,1,0,0,0,0,0,1,0,0,0,0,0,1,0,0,0,0,0,0,1,0,0,0,0,1,0,0,0
1236453,201501,1201-1800,ZZZ.Airport,US,,,0.0,,VMC,10,,Daylight,10000,,Tower ZZZ,Corporate,Challenger 300,2.0,Part 91,IFR,Ferry / Re-Positioning,FMS Or FMC,Landing,Visual Approach; SID Cha 5; STAR Bunni 3,Class D ZZZ,,,,,,,,,,,,,,,,,,,,,,,,,,,,,,,,,,,,,,,,,,,,,,,,,,,Aircraft X,Flight Deck,Corporate,Captain; Pilot Flying,Flight Crew Multiengine; Flight Crew Instrument; Flight Crew Air Transport Pilot (ATP); Flight Crew Flight Instructor,Flight Crew Last 90 Days 75; Flight Crew Total 7000; Flight Crew Type 800,,Training / Qualification,,,1236453,Aircraft X,Flight Deck,Corporate,Pilot Not Flying; First Officer,Flight Crew Air Transport Pilot (ATP); Flight Crew Multiengine,Flight Crew Last 90 Days 60; Flight Crew Total 6300; Flight Crew Type 230,,,,1237454.0,Ground Event / Encounter Ground Strike - Aircraft; Ground Event / Encounter Loss Of Aircraft Control; Ground Event / Encounter Object; Ground Excursion Runway; Inflight Event / Encounter Loss Of Aircraft Control; Inflight Event / Encounter Weather / Turbulence,,,Person Flight Crew,Other landing roll,Aircraft Aircraft Damaged,Human Factors; Weather,Human Factors,On Jan. 2015 a Challenger 300 departed ZZZ for ZZZ1 at XA20 local time. No passengers were on board. We had received the weather; I believe it was information S; 32013G20KT 10SM CLR 09/M06 A3027. It also included hazardous winds had been reported and we had heard earlier over ATC that a Hawker had reported windshear loss of 15KTS. I had briefed earlier that if we got a windshear alert that an option would be to climb out and ask for a left downwind to RWY 32; but generally do not use that runway due to its shorter length and pavement conditions. We were cleared for the visual at 6000 MSL. I then set the ASEL to 3000 MSL while still on autopilot. At altitude captured was fully configured; I disconnected the autopilot as I was making the turn to final. We did not receive a hand off to tower until we were turning inbound when [SIC] prompted ATC to switch to tower and were cleared to land. Winds were very gusty. I had set up for the visual RWY26 with a 4 mile final to give me a little extra room to get aligned. I had a little extra power in as I made the turn to final to maintain speed in the gusty conditions and was working the speed down on final as I was descending but it was fluctuating with the gusts and did not want to get too slow. I had quite a bit of left rudder in to counter balance the crab into the wind but I felt I was in control of the aircraft to touchdown. Upon touching down on the runway we caught a gust that brought the right wing up. As I was veering toward the left side of the runway; I was calling to hand the control yoke over to [SIC] so I could utilize the tiller. With the direction angle on the runway and the speed I felt an abrupt right rudder could have side loaded the main and scraped a wing. Once I recognized that I was going to make contact with the grass; I tried to maintain a straight path and bring the aircraft to a stop while avoiding obstacles on the taxiways. I landed at the markers and exited before taxiway K. We came to a stop just after taxiway J. Touchdown was recorded at XA43 local via the FMS. Tower immediately asked if we were okay and if we needed assistance; fire or a tug. We were monitoring the tower and contacting our maintenance personnel to come out to inspect before we did anything. We then shut down the engines and waited for our maintenance to come out with tugs. After they inspected the outside we opened the door and walked around the aircraft. We determined that we would attempt to taxi out of the grass if possible. At that point the Fire personnel arrived and wanted to know if we needed assistance. We declined. We were able to do a normal start and taxi from the grass to the taxiway and then to our hangar. Steering; braking and taxiing all seemed normal. There was minor damage to the left flap and we hit one taxi light. Event was caused by failure to maintain directional control on centerline in gusty conditions. I had made this landing many times over the past 4 years as ZZZ1 is our home base. Options could have been a go around or utilizing RWY 32; but given I had already touchdown; the biggest factor was maintaining directional control.,,Aircraft drifted left of center line prior to touchdown. As the main gear touched down a gust raised the right wing. I looked over to check that the spoilers were deployed. Captain commanded me to hold the tops; which I did as the aircraft left the runway near taxiway K. The aircraft continued southwest between runway 26 and taxiway I and came to a stop about 100 feet after crossing taxiway J.,,CL30 flight crew reported losing directional control of the aircraft during landing in gusty wind conditions. Aircraft left the runway and struck a runway light; and post flight inspection revealed minor damage to the left flap.,0,0,0,1,0,0,0,0,0,0,0,0,0,1,1,1,1,1,1,1,1,1,1,0,0,0,1,0,0,0,0,0,0,1,0,0,0,1,0,0,0,0,0,1,0,0,0,0,0,0,0,0,0,0,0,0,0,0,0,1,0,0,0,0,0,0,0,0,0,0,0,1,0,0,0,0,0,0,0,0,0,0,1,0,0,0,0,0,0,0,1
1236620,201501,0001-0600,ZZZ.Airport,US,,,0.0,,,,,Dawn,,,Ground ZZZ,Air Carrier,EMB ERJ 145 ER/LR,2.0,Part 121,IFR,Passenger,,Taxi,,,,,,,,,,,,,,,,,,,,,,,,,,,,,,,,,,,,,,,,,,,,,,,,,,,,,Aircraft X,Flight Deck,Air Carrier,Pilot Flying; Captain,Flight Crew Air Transport Pilot (ATP),,,Communication Breakdown,Party1 Flight Crew; Party2 Ground Personnel,,1236620,Aircraft X,Flight Deck,Air Carrier,Captain,Flight Crew Air Transport Pilot (ATP),,,,,1236259.0,Deviation / Discrepancy - Procedural Published Material / Policy; Ground Event / Encounter Vehicle,,,Person Flight Crew,Taxi,Aircraft Aircraft Damaged; General Flight Cancelled / Delayed; General Evacuated,Procedure; Human Factors,Procedure,Standard push back communications were completed and I told the Guide person he was cleared to push. Late in the push the Flight Officer (FO) asked me if I wanted to start an engine. I said; ground to cockpit can I start Engine #1? Ramp to cockpit; cleared to start engine one. The FO started the #1 engine. The tug came to a stop. Out of the corner of my eye I saw the wing walker in an orange vest holding the interphone cord approaching the airplane as if he was going to disconnect. There was also a ramper to the right approaching the nose. There had been no communication from the tug driver. I said to him; do you want me to set the brakes? There was no answer. I said again; wait; do you want me to set the brakes? There was no answer. I said; what's going on down there; is push back complete? We need to set brakes before you disconnect. Still no answer. The FO then also announced on the interphone the need to set the parking brake. I looked to my left and saw that we weren't moving and told him I was setting my brakes. The tug then rolled forward until it struck the nose of the aircraft. Immediately prior to the tug impacting the aircraft we observed the tug driver attempt to turn the tug to his right. After impacting the aircraft the tug's power briefly vibrated the front of the aircraft. When communication was re-established we learned that they were rushing to find a tug to move the tug off the plane. Rampers were immediately moving about. I made several attempts to get into contact with someone on the ground. Flashed my lights and called on the operations frequency. When communications were re-established we learned that they were rushing to find a tug to move the tug off the plane. I told them not to touch the tug or the aircraft so as to not cause additional damage. I told them we needed to deplane via stairs and walk the passengers into the terminal. We contacted operations control through ACARS and made an AML entry. Called maintenance operations control shortly after. Communications failed between the ramp and the cockpit. The interphone and equipment should not be removed without clearance from the Captain.Follow procedures; when the first verbal command is not exchanged the process should be stopped until communications can resume.,,[Report Narrative Contained No Additional Information].,,When communication between the flight crew and pushback was lost for unexplained reasons the flight crew set the aircraft brakes but the tug kept moving and struck the nose of the aircraft. Passengers were evacuated on the ramp and walked to the terminal rather than attempt to tow aircraft back to the gate risking further damage.,0,0,0,1,0,0,0,0,0,0,0,0,0,1,1,1,1,1,1,1,1,1,1,0,0,0,1,0,0,0,0,0,0,0,0,0,0,0,0,0,1,0,0,0,0,0,0,0,0,0,0,0,0,0,0,0,0,0,0,0,0,0,1,0,0,0,0,0,0,0,0,0,0,0,0,0,0,0,0,0,0,0,1,0,0,0,0,1,0,0,0
1236752,201501,0601-1200,ZZZ.Airport,US,,,0.0,,,,,Daylight,,,,Air Carrier,B757 Undifferentiated or Other Model,,Part 121,,,,Parked,,,,,,,Scheduled Maintenance,,,,,,,,,,,,,,,,,,Turbine Engine,,X,,,,,,,,,,,,,,,,,,,,,,,,,,Hangar / Base,,Air Carrier,Technician,Maintenance Powerplant,,,Communication Breakdown; Confusion; Situational Awareness; Training / Qualification,Party1 Maintenance; Party2 Maintenance,,1236752,,,,,,,,,,,Aircraft Equipment Problem Critical; Ground Event / Encounter Other / Unknown,,N,Person Maintenance,Other During Maintenance,Aircraft Aircraft Damaged,Chart Or Publication; Equipment / Tooling; Procedure; Human Factors,Human Factors,Prior to installation of Thrust Reverser Hoist Assembly:1) Checked out Thrust Reverser (T/R) Hoist Kit; from Stores. Item was located in the Engine Change Build up Kit. 2) Inspected hoist equipment available in T/R Hoist Kit. Items available in T/R Hoist Kit was:  A) two sets of mount bolts; (2 each; same size and length).  B) one each Hoist chain assembly with mount. As is; Installed equipment available for T/R removal. Mount bolts were tight and re-checked before T/R removal. Bolts remained tight. T/R was removed and moving toward the T/R shipping crate; by fork lift. At the time the T/R dropped; I was in the process of getting some covers for the engine anti-ice duct; and was walking away from the incident. But heard the impact of the T/R hitting the floor.,,,,An Aircraft Maintenance Technician (AMT) reports about a Thrust Reverser Assembly from a B757 engine that was dropped on the hangar floor while being moved with a forklift to a shipping crate. A Thrust Reverser Hoist Kit only included mount bolts and hoist chain assembly.,0,1,0,1,0,0,0,0,0,0,0,0,0,1,1,1,1,1,1,1,1,1,1,0,0,0,1,0,0,0,0,0,0,0,0,0,0,0,1,0,0,0,0,0,0,0,0,0,0,0,0,0,0,0,0,0,0,0,0,0,0,0,1,1,0,0,0,0,0,1,0,1,0,0,0,0,0,0,1,0,0,1,1,0,0,0,0,1,0,0,0
1236754,201501,1201-1800,ZZZ.Airport,US,,,0.0,,VMC,,,Daylight,,,Tower ZZZ,Personal,Seaplane or Amphibian,1.0,Part 91,,Personal,,Landing; Taxi,,,,,,,,,,,,,,,,,,,,,,,,,Landing Gear,,X,Improperly Operated,,,,,,,,,,,,,,,,,,,,,,,,,Aircraft X,Flight Deck,Personal,Single Pilot; Pilot Flying,Flight Crew Sea; Flight Crew Private; Flight Crew Instrument,Flight Crew Last 90 Days 12; Flight Crew Total 900; Flight Crew Type 85,,Distraction; Human-Machine Interface,,,1236754,,,,,,,,,,,Deviation / Discrepancy - Procedural Published Material / Policy; Deviation / Discrepancy - Procedural Clearance; Ground Incursion Runway,,,Person Flight Crew,In-flight,Aircraft Aircraft Damaged,Aircraft; Human Factors,Human Factors,I was PIC during my flight that day. I departed the airport [in the afternoon]. My wife; was the only other occupant of the aircraft. Before I departed; I misheard or misunderstood instructions from the control tower and entered the runway without authorization. After being cleared for takeoff; I departed and had another exchange with the control tower; and then flew to the lake to perform some water landings. I approached the lake from the east to the west to perform a glassy water landing. I neglected to retract the landing gear after my takeoff and the landing gear remained down for the glassy water landing I planned to perform. After making contact with the water we flipped upside down and came to a stop. My wife and I exited and remained at the aircraft until help arrived.,,,,Amphibious aircraft pilot reports misunderstanding a Tower Controller and taxiing onto the runway without clearance. After takeoff the Tower provides a telephone number to call and the landing gear is never retracted. The next landing is on water and the aircraft flips when the gear touches the water.,0,0,0,1,0,0,0,0,0,0,0,0,0,1,1,1,1,1,1,1,1,1,1,0,0,0,1,0,0,0,0,0,0,0,0,0,0,0,0,0,0,0,0,0,0,0,1,0,0,0,0,0,0,0,0,0,0,0,0,0,0,0,0,0,1,0,1,0,0,0,0,0,0,0,0,1,0,0,0,0,0,0,1,0,0,0,0,0,0,0,0
1237049,201501,1201-1800,ZZZ.Airport,US,,,0.0,,VMC,,,Daylight,,,Ground ZZZ,Air Carrier,EMB ERJ 140 ER/LR,2.0,Part 121,IFR,Passenger,,Parked,,,,,,,,,,,,,,,,,,,,,,,,,,,,,,,,,,,,,,,,,,,,,,,,,,,,,Gate / Ramp / Line,Flight Deck,Air Carrier,First Officer; Pilot Flying,Flight Crew Air Transport Pilot (ATP),,,Distraction,,,1237049,,,,,,,,,,,Deviation / Discrepancy - Procedural Published Material / Policy; Ground Event / Encounter Vehicle,,,Person Flight Crew,Aircraft In Service At Gate,Aircraft Aircraft Damaged; General Release Refused / Aircraft Not Accepted; General Work Refused; General Flight Cancelled / Delayed; General Maintenance Action,Human Factors,Human Factors,We were parked at the gate with the parking brake set and the main cabin door open. Passengers were boarding and we were waiting for final paperwork.  The aircraft had been fueled and the flight attendant was doing her final count.  The ramper drove the tug into the right wing tearing gash in the leading edge of the right wing; and damaging the outer tip of the wing as well. We deplaned the passengers because after the event; fuel was leaking out of the tug onto the ramp.  Because the guy driving the tug appeared to be driving too fast; and not paying attention to his surroundings.Better training for the station ground personnel.  There was nothing more we could have done to avoid this situation. We were parked where we were supposed to; how we were supposed to. A couple of our passengers mentioned it appeared to them they he was driving too fast and wasn't paying attention where he was going.  That seemed to be evident as he drove into our wing while we were parked.,,,,An EMB-140 First Officer; while parked at the gate; observed a '...ramper drove the tug into the right wing tearing gash in the leading edge of the right wing; and damaging the outer tip of the wing as well.',0,0,0,1,0,0,0,0,0,0,0,0,0,1,1,1,1,1,1,1,1,1,1,0,0,0,1,0,0,0,0,0,0,0,0,0,0,0,0,0,1,0,0,0,0,0,0,0,0,0,0,0,0,0,0,0,0,0,0,0,0,0,0,0,1,0,0,0,0,0,0,0,0,0,0,0,0,0,0,0,0,0,1,0,0,0,0,0,0,0,0
1239134,201502,1201-1800,ZZZ.Airport,US,,,0.0,,Marginal,Icing; 6,,Daylight,2200,,CTAF ZZZ,Personal,PA-46 Malibu/Malibu Mirage/Malibu Matrix,1.0,Part 91,,Personal,,Landing,Visual Approach,,,,,,,,,,,,,,,,,,,,,,,,,,,,,,,,,,,,,,,,,,,,,,,,,,,,Aircraft X,Flight Deck,Personal,Single Pilot; Pilot Flying,Flight Crew Commercial; Flight Crew Instrument,Flight Crew Last 90 Days 50; Flight Crew Total 700; Flight Crew Type 245,,Human-Machine Interface; Situational Awareness,,,1239134,,,,,,,,,,,Ground Event / Encounter Ground Strike - Aircraft; Ground Excursion Runway; Inflight Event / Encounter Loss Of Aircraft Control,,Y,Person Flight Crew,In-flight,Aircraft Aircraft Damaged,Weather; Airport; Human Factors,Human Factors,WHILE PERFORMING A VISUAL LANDING; AT AN UNCONTROLLED AIRPORT; WINDS FROM NORTH 350 @ 15 GUSTING 20.PERFORMED CROSS WIND LANDING WITH LEFT GEAR TOUCHING DOWN FIRST.  GUST BLEW LEFT WING BACK UP; RIGHT MAIN LANDING GEAR THEN CONTACTED GROUND.  BEGAN TO LOSE DIRECTIONAL CONTROL.BREAKING CONDITIONS POOR; ICE ON RUNWAY.  PLANE SKIDDED OFF RUNWAY TO THE LEFT INTO GRASS.  NOSE GEAR COLLAPSE AND PROP STRIKE ENSUED.  NO PROPERTY DAMAGE.  NO INJURIES TO PILOT OR 1 PASSENGER.  BOTH WALKED TO FBO.  FBO TOWNED PLANE TO MAINTENANCE HANGAR FOLLOWING INCIDENT.,,,,A PA46 pilot reports attempting to land in a strong crosswind on an icy runway and loses control. A runway excursion occurs and the nose gear collapses.,0,0,0,1,0,0,0,0,0,0,0,0,0,1,1,1,1,1,1,1,1,1,1,0,0,0,1,0,0,0,0,0,0,1,0,0,0,0,0,0,0,0,0,1,0,0,0,0,0,0,0,0,0,0,0,0,0,0,0,0,0,0,0,0,0,0,1,0,0,1,0,0,0,0,0,0,1,0,0,0,0,0,1,0,0,0,0,0,0,0,1
1240620,201501,1201-1800,ZZZ.Airport,US,,,0.0,,,10,,,25000,,CTAF ZZZ,Personal,Skyhawk 172/Cutlass 172,1.0,Part 91,,Training,,Landing,Visual Approach,,,,,,,,,,,,,,,,,,,,,,,,,,,,,,,,,,,,,,,,,,,,,,,,,,,,Aircraft X,Flight Deck,Personal,Pilot Not Flying; Check Pilot,Flight Crew Instrument; Flight Crew Multiengine; Flight Crew Air Transport Pilot (ATP); Flight Crew Flight Instructor; Flight Crew Glider,Flight Crew Last 90 Days 60; Flight Crew Total 5300; Flight Crew Type 300,,Situational Awareness,,,1240620,,,,,,,,,,,Ground Event / Encounter Ground Strike - Aircraft; Inflight Event / Encounter Unstabilized Approach; Inflight Event / Encounter Loss Of Aircraft Control,,N,Person Observer,In-flight,Aircraft Aircraft Damaged,Human Factors,Human Factors,I conducted a Commercial single-engine land checkride for the applicant. Around XA:30 EST; in C172-RG; I asked the applicant to perform a power-off 180 approach to the runway. He did everything well up until the last 300 feet on final approach. With the gear down; and the flaps at 20 degrees; the applicant thought he was a little high; and decided to do a forward slip to lose altitude. He slipped aggressively nose left; right wing down; which immediately caught my attention. As he did this; he increased pitch; and we started losing airspeed. Before I could say anything; he corrected and reduced the pitch; still in a forward slip. A second later; around 100 feet; he aggressively increased pitch again; alarmed; I checked our airspeed and it was decreasing through 50 knots. I yelled 'go-around; go-around; go-around; my plane' and reached for the throttle. His hand was already on the throttle; blocking my hand. He advanced power; but much too little; and by then; too late. I simultaneously grabbed the yoke; to reduce pitch and prevent the stall. At the same time; [the student] reduced pitch; but without the power; we stalled about 10 feet above the ground. As the nose was coming forward; we landed on the main and nose gear. All the momentum was pitching forward at that point; collapsing the nose gear; and striking the prop on the ground. The applicant apologized to me later; saying that he was so focused and committed to landing; having tunnel vision that he wasn't going to go around; nor let me take the aircraft. As an instructor; and examiner; I recommend practicing go-arounds and proper transfer of controls on short-final with your students. They should be ready to go around; at your command; even when the approach is good; and you're surprising them with the command. As an instructor; you should be ready to deal with a student who doesn't respond; and doesn't relinquish control of the aircraft when you tell them to.,,,,An examiner conducting a Commercial Single-Engine Land checkride reports of a student who on short final executes a forward slip. While in the slip the student begins to pitch up the aircraft bleeding off too much airspeed and near a stall. Student recovers some airspeed but once again pitches up aggressively and as the examiner calls for the go-around but it is too late. The aircraft stalls approximately 10 feet above the ground and the aircraft touches down on all three wheels causing the nose gear to collapse and a prop strike.,0,0,0,1,0,0,0,0,0,0,0,0,0,1,1,1,1,1,1,1,1,1,1,0,0,0,1,0,0,0,0,0,0,1,0,0,0,0,0,0,0,0,0,0,0,0,0,0,0,0,0,0,0,0,0,0,1,0,0,0,0,0,0,0,0,0,0,0,0,1,0,0,0,0,0,0,0,0,0,0,0,0,1,0,0,0,0,0,0,0,0
1242005,201502,0601-1200,BWI.Airport,MD,,,0.0,,VMC,,,Night,,,Ground BWI,Air Carrier,Small Transport,1.0,Part 121,IFR,Cargo / Freight / Delivery,,Taxi,,,,,,,,,,,,,,,,,,,,,,,,,,,,,,,,,,,,,,,,,,,,,,,,,,,,,Aircraft X,Flight Deck,Air Carrier,Captain; Single Pilot,Flight Crew Air Transport Pilot (ATP),,,Situational Awareness,,,1242005,,,,,,,,,,,Conflict Ground Conflict; Critical; Ground Event / Encounter Vehicle,,N,Person Flight Crew,Taxi,Aircraft Aircraft Damaged; Flight Crew Took Evasive Action,Airport; Human Factors; Environment - Non Weather Related,Human Factors,While taxiing to the ramp on taxiway Juliet from Runway 33R a catering truck barely missed my airplane.[It] was a clear dark night.  After Landing on runway 33 right I exited at the end of runway 33R; turned left on taxiway Juliet; contacted ground and was cleared to [the ramp] via Juliet.Approaching the service road that crosses taxiway Juliet I had on all taxi lights; landing lights; courtesy lights; and strobe lights. This is due to an ongoing problem with vehicles crossing the active taxiway without looking. I [then] noticed a vehicle on my left [had] just passed through the gate between the ramps. I confirmed the vehicle had stopped but then observed a truck on right that had not stopped. I now locked up my brakes and added full reverse; missing the truck [by] two to three feet and coming to a stop in the opposite lane of the service road. The hard braking and reverse forced the nose strut to compress. This created a spring effect that was multiplied by removing reverse thrust rapidly; the plane tilted back and the tail struck the ground then came back to its original position. I sat still for a few minutes observing the driver of the catering truck who now had parked the truck off on the side of the service road; and was standing outside the truck [and] visibly upset.  I then continued to taxi to avoid closing the only entry and exit into the cargo ramp.Better or more enforcement of traffic rules on this ongoing hot spot on the airport.,,,,The pilot of a Small Transport aircraft; taxiing to the ramp at BWI; had to stop aggressively to avoid colliding with a catering truck whose driver apparently failed to note the illumination from the aircraft's fully illuminated landing; taxi; courtesy and strobe lights on a clear dark night. The reporter advised conflicts with inattentive drivers are common at the location where the event took place.,0,0,0,1,0,0,0,1,0,0,0,0,0,1,1,1,1,1,1,1,1,1,1,0,0,0,1,0,0,0,0,0,0,0,0,0,0,0,0,0,1,0,0,0,0,0,0,0,0,0,0,0,0,0,0,0,0,0,0,0,0,0,0,0,0,0,0,0,0,1,0,0,0,0,0,0,1,0,0,0,1,0,1,0,0,0,0,0,0,0,0
1242856,201502,1201-1800,ZZZ.TRACON,US,,,,2000.0,IMC,,,,,,,Air Carrier,Large Transport; Low Wing; 2 Turbojet Eng,2.0,Part 121,IFR,Passenger,,Climb,,,,,,,,,,,,,,,,,,,,,,,,,Turbine Engine,,X,Malfunctioning,,,,,,,,,,,,,,,,,,,,,,,,,Aircraft X,Flight Deck,Air Carrier,Captain; Pilot Not Flying,Flight Crew Commercial,,,Workload,,,1242856,Aircraft X,Flight Deck,Air Carrier,First Officer; Pilot Flying,Flight Crew Air Transport Pilot (ATP),,,,,1242853.0,Aircraft Equipment Problem Critical; Inflight Event / Encounter Weather / Turbulence,,N,Person Flight Crew,In-flight,Aircraft Aircraft Damaged; Flight Crew Returned To Departure Airport; Flight Crew Inflight Shutdown; General Declared Emergency,Aircraft; Weather,Aircraft,Climbing through 2;000 feet; right engine began banging with associated oscillations of engine instruments. Flight leveled at 3;000 feet. Throttle was brought to idle and banging stopped. Vector back to our departure airport requested. Right engine was idling at 10% N1; 10% N2. Right engine was then shut down IAW QRH. First Officer flew while Captain ran checklist and communicated with Flight attendants. Air and Rescue Fire Fighters (ARFF) requested. Icing was encountered during descent. Flight landed uneventfully 19 minutes after takeoff. ARFF reported bullet cone of right engine was detached and lying at the bottom of cowling.,,The regular bangs seemed like 'compressor stalls' as we leveled. At this point we both were extremely busy. I was flying the aircraft with the right engine at idle; at night; in icing conditions; and talking with ATC to give them the fuel and souls on board. Interestingly; I remember them asking for the fuel quantity in pounds!!!! Although we were extremely busy inflight trying to accomplish checklists; we were able to do so in a timely manner and turned final at 10 miles from the airport. Time compression at the time made it seem like the flight lasted longer than it actually did. The Captain did an outstanding job of running multiple checklists making PA's to keep passengers informed and keeping Flight Attendants in the loop as to our intentions. Plus he kept an eye on me to be sure we were doing the right things at the right times.,,When the right engine started making continuous loud banging sounds similar to compressor stalls shortly after takeoff; a flight crew advised ATC; performed an inflight shut down of the engine and returned to their departure airport.,0,1,0,1,0,0,0,0,0,0,0,0,0,1,1,1,1,1,1,1,1,1,1,0,0,0,1,0,0,0,0,0,0,0,0,0,0,0,0,0,0,0,0,0,0,0,0,0,0,0,0,0,0,0,0,0,0,0,0,1,0,0,0,0,0,0,0,0,0,0,0,0,0,1,0,1,0,0,0,0,0,0,0,0,0,0,0,0,0,0,1
1243144,201503,0601-1200,ZZZ.Airport,US,,,,,VMC,10,,Daylight,,,,Personal,PA-28 Cherokee/Archer/Dakota/Pillan/Warrior,1.0,Part 91,,Personal,,Landing,,Class D ZZZ,,,,,,,,,,,,,,,,,,,,,,,,,,,,,,,,,,,,,,,,,,,,,,,,,,,Aircraft X,Flight Deck,Personal,Pilot Not Flying; Instructor,Flight Crew Instrument; Flight Crew Flight Instructor; Flight Crew Commercial,Flight Crew Last 90 Days 63; Flight Crew Total 400; Flight Crew Type 106,,Training / Qualification; Human-Machine Interface; Confusion,,,1243144,Aircraft X,Flight Deck,Personal,Pilot Not Flying; Instructor,Flight Crew Instrument; Flight Crew Flight Instructor; Flight Crew Commercial,Flight Crew Last 90 Days 65; Flight Crew Total 400; Flight Crew Type 106,,,,1243279.0,Inflight Event / Encounter Loss Of Aircraft Control; Inflight Event / Encounter Unstabilized Approach,,N,Person Flight Crew,In-flight,Aircraft Aircraft Damaged; Flight Crew Executed Go Around / Missed Approach; Flight Crew Regained Aircraft Control; General Maintenance Action,Human Factors; Weather,Human Factors,[the event occurred] during the second landing attempt by [my] student pilot to practice crosswind and soft field landings. Approach was stable until Student Pilot (SP) drifted to the left of runway centerline while flaring high. Winds were from the right. A Go-Around was initiated by the student pilot just before touchdown. As the SP applied full power; inadequate rudder was applied and I said 'right rudder;' but as we continued to drift I realized I needed to take control of the aircraft [so as] not to drift off the runway as we approached the edge. I said 'I have flight controls.' SP responded 'you have flight controls.' [Soon] I realized my control inputs to stabilize the aircraft as the stall warning horn sounded was ineffective; and I look at the Yoke of the Student Pilot and saw his hands still at the controls. As left wheel went on gravel; and [with the] nose very high pitch up attitude; I said to student pilot; 'LET GO OF CONTROLS; I HAVE FLIGHT CONTROL.' SP did let go; glanced to see if feet was on ground; and they were. and I had more effective use of flight controls. I performed Go Around Procedure; Reducing the Angle of Attack as stall warning horn was also sounding. I maintained had flight control as we climbed out. Ensured both SP and backseat observer were well.Ensure Student Pilot understands the process to perform a go around should be in their thought during the approach to land and flare segment of flight.Ensure Student Pilot applies adequate right rudder pressure during Rejected Landing/Go-Around for crosswind condition.Ensure Student Pilot applies adequate aileron deflection into the wind for crosswind landing; and is more effective on rudder control inputs. Ensure Flare is not high and adequate rudder input is applied by Student Pilot for directional control.,,Day VFR conditions; winds approx 150 at 8kts. ...training flight with Student Pilot; at end of course for Private Pilot Certification......ATC asked if we would like 7R. At first I turned it down; in quick response so to focus on flying characteristic of aircraft. Then realized it is the longest runway; and wisest choice and closest to our operation. I went ahead 5-10 seconds later and asked ATC for runway 7R full stop. During Post Flight we looked and wing; flap and landing gear. We saw gravel stain on outboard side of left wheel. I noticed the strut was a little low as well. I called Dispatch and told them we were on the ground and needed Maintenance to take a look at the aircraft. Maintenance (MX) came out quickly; and I explained what happened. While Maintenance was inspecting the flaps and landing gear for any damage or dent; I noticed; there were some dents and a quarter size hole on Leading Edge of Left Stabilator. Maintenance said it seems like the left wheel picked up gravel which hit the leading edge. We went inside and squawked the aircraft.,,A student pilot aboard a PA-28 receiving dual instruction on cross-wind soft field landings drifted downwind during the flare and floated while letting let the airspeed decrease. When the instructor pilot/reporter attempted to assume control the student responded verbally but retained his grip on the flight controls resisting the instructor's inputs. A second assumption of control expression was successful and the instructor regained aircraft control but the left main landing gear had already contacted gravel alongside the runway; some of which was thrown aft and struck the aircraft. After completing the go around and returning for a safe landing they discovered moderate dent and puncture type damage to the stabilator.,0,0,0,1,0,0,0,0,0,0,0,0,0,1,1,1,1,1,1,1,1,1,1,0,0,0,1,0,0,0,0,0,0,0,0,0,0,0,0,0,0,0,0,0,0,0,0,0,0,0,0,0,0,0,0,0,1,0,0,0,0,0,0,1,0,0,1,0,0,0,0,1,0,0,0,0,0,0,0,0,0,0,1,0,0,0,0,0,0,0,1
1243526,201502,0601-1200,ZZZ.Airport,US,,,0.0,,Marginal,Rain,,Daylight,,,,Air Carrier,A321,2.0,Part 121,,Passenger,,Taxi,,,,,,,,,,,,,,,,,,,,,,,,,,,,,,,,,,,,,,,,,,,,,,,,,,,,,Aircraft X,Flight Deck,Air Carrier,Pilot Flying; Captain,Flight Crew Air Transport Pilot (ATP),,,Situational Awareness,,,1243526,,,,,,,,,,,Deviation / Discrepancy - Procedural Published Material / Policy; Ground Event / Encounter Other / Unknown,,,Person Ground Personnel,Pre-flight,Aircraft Aircraft Damaged; Flight Crew Returned To Gate,Human Factors,Human Factors,[We were] dispatched with inoperative APU due to APU inlet icing while operating in freezing rain. Directed to proceed to De-Ice pad and contacted 'Snowman' on assigned frequency.  Detailed APU problem and notified them 4 to 6 times that we had 'both engines running'.  Asked if we would de-ice with both engines on or one off?  Informed as we entered Spot X on pad to shut down #1/left Engine for de-ice/anti-ice fluid application.  As we parked brakes and prepared to shut down engine; Snowman informed us that De-Ice Personnel had approached aircraft 'too soon' and had headset sucked into #1/left engine. After ensuring employee was safe and unharmed; we contacted ATC; Operations; Maintenance and Ramp and returned to gate.Better communications among de-icing crew.  Coordinators are talking on both VHF and Mobile radios to their crew. Patience and safety awareness by ground crew.  Have noted less 'care and respect' for Airbus.  Not afforded the same inlet or exhaust awareness as the 737/757 fleets.  This is still a 'real aircraft' and the engines have similar danger areas.,,,,An A321 Captain reported that during ground de-ice procedures a ground employee came so close to a running engine his headset was sucked into the nacelle.,0,0,0,1,0,0,0,0,0,0,0,0,0,1,1,1,1,1,1,1,1,1,1,0,0,0,1,0,0,0,0,0,0,0,0,0,0,0,1,0,0,0,0,0,0,0,0,0,0,0,0,0,0,0,0,0,0,0,0,0,0,0,0,0,0,0,0,0,0,1,0,0,0,0,0,0,0,0,0,0,0,0,1,0,0,0,0,0,0,0,0
1243613,201503,1201-1800,ZZZ.Airport,US,,,0.0,,VMC,,,Daylight,,,,Personal,PA-18/19 Super Cub,2.0,Part 91,,Training,,Landing,Visual Approach,,,,,,,,,,,,,,,,,,,,,,,,,,,,,,,,,,,,,,,,,,,,,,,,,,,,Aircraft X,Flight Deck,Personal,Pilot Not Flying; Instructor,Flight Crew Instrument; Flight Crew Multiengine; Flight Crew Air Transport Pilot (ATP); Flight Crew Flight Instructor,Flight Crew Last 90 Days 250; Flight Crew Total 14000; Flight Crew Type 5,,Training / Qualification,,,1243613,,,,,,,,,,,Ground Event / Encounter Loss Of Aircraft Control; Ground Event / Encounter Ground Strike - Aircraft,,,Person Flight Crew,Other landing roll,Aircraft Aircraft Damaged; Flight Crew Regained Aircraft Control,Human Factors,Human Factors,Pre-solo flight instruction in tail dragger. Student flying aircraft after landing roll out with speed slowed to taxi speed. Student then made control inputs that sent aircraft into right and then left turn. On the left turn aircraft headed for edge of taxi way and I tried to regain control of aircraft by grabbing controls and announcing I have the aircraft. Student remained on controls and did not release until we had started a hard right turn. This hard right turn lifted right wing and lowered left wing which scraped on the ground. We stopped after 180 turn on runway and I taxied aircraft back to ramp. No injuries or damage to other property. Damage to aircraft not 'substantial'.,,,,PA-18 flight instructor reported his student lost directional control during landing roll that resulted in a 180 degree turn and scraping a wing tip.,0,0,0,1,0,0,0,0,0,0,0,0,0,1,1,1,1,1,1,1,1,1,1,0,0,0,1,0,0,0,0,0,0,1,0,0,0,0,0,0,0,0,0,0,0,0,0,0,0,0,0,0,0,0,0,0,0,0,0,0,0,0,0,0,0,0,0,0,0,0,0,1,0,0,0,0,0,0,0,0,0,0,1,0,0,0,0,0,0,0,0
1245100,201503,0001-0600,ZZZ.Airport,US,,,50.0,,VMC,,,Daylight,,,,Personal,Light Sport Aircraft,1.0,Part 91,,Personal,,Initial Climb,,Class E ZZZ,,,,,,,,,,,,,,,,,,,,,,,,,,,,,,,,,,,,,,,,,,,,,,,,,,,Aircraft X,Flight Deck,Personal,Pilot Flying; Single Pilot,Flight Crew Private,Flight Crew Last 90 Days 10; Flight Crew Total 100; Flight Crew Type 120,,Situational Awareness,,,1245100,,,,,,,,,,,Aircraft Equipment Problem Critical; Ground Event / Encounter Ground Strike - Aircraft; Ground Excursion Runway; Inflight Event / Encounter Fuel Issue,,,Person Flight Crew,In-flight,Aircraft Aircraft Damaged; Flight Crew Landed in Emergency Condition,Aircraft,Aircraft,Take off roll and initial climb normal. At approx. 50 ft. AGL I heard a loud metal thumping; which I thought was coming from the two facet electric fuel pumps. I instantly lowered nose and entered deep forward slip to stabilized airspeed in the steep descent to reduce altitude. I shut off all switches including master; and made normal but slightly hard tail low touch down on the 'over run' off end of runway. The ground was soft and the small tires /wheel pant dug into the sand. The aircraft rapidly decelerated; and the top landing gear bolt sheared allowing aircraft to settle to ground and slide to a stop. No injuries or property damage. [Damage] to aircraft is light - limited to cowling; landing gear; and wheel fairings.The aircraft had 12 gal. on board (2 hrs. endurance). After reviewing the instruments we determined the low fuel pressure warning was on. We verified less than two oz. of fuel in carburetor float bowl. We will test right hand fuel tank system (vents valves and fittings) etc. . . . Both fuel pump operate correctly.,,,,Panther light sport pilot reported light damage after a forced landing caused by fuel starvation; even though there apparently was fuel in the tank.,0,1,0,1,0,0,0,0,0,0,0,0,0,1,1,1,1,1,1,1,1,1,1,0,0,0,1,0,0,0,0,0,0,1,0,0,0,0,0,0,0,0,0,1,0,0,0,0,0,0,0,0,0,0,0,0,0,0,0,0,0,0,0,0,0,0,0,0,0,1,0,0,0,0,0,1,0,0,0,0,0,0,0,0,0,0,0,0,0,0,0
1245125,201502,0601-1200,ZZZ.Airport,US,,,,,VMC,10,,Daylight,CLR,,Tower ZZZ,Personal,M-20 J (201) / Allegro,2.0,Part 91,,Other Maintenance Check Flight,,Landing,Visual Approach,,,,,,,,,,,,,,,,,,,,,,,,Landing Gear,,X,Malfunctioning,,,,,,,,,,,,,,,,,,,,,,,,,Aircraft X,Flight Deck,Personal,Pilot Flying,Flight Crew Private; Flight Crew Multiengine,Flight Crew Last 90 Days 25; Flight Crew Total 7308; Flight Crew Type 72,,Situational Awareness; Troubleshooting,,,1245125,,,,,,,,,,,Aircraft Equipment Problem Critical; Deviation / Discrepancy - Procedural Published Material / Policy,,,Person Flight Crew,In-flight,Aircraft Aircraft Damaged; Flight Crew Took Evasive Action; General Evacuated; General Maintenance Action,Aircraft; Procedure,Aircraft,During annual inspection it was discovered that Right Main did not fully retract into wheel well. Parts and special tool were ordered. I checked with the shop weekly starting but told them I was not in [a] hurry since I had another ACFT; and the holidays were busy at the shop. I was told it was ready; I went there on the [day after] but the plane was up on jacks. I witnessed the gear go up and down. I said I would come fly it on [the following day]. I came with a friend (son of the previous owner.) I was in the left seat as PIC; I called ground and requested 'left closed traffic.' We were directed to taxi to the 'tower run-up.' After completing the run-up we were told to taxi. When cleared for takeoff we departed Runway X. On downwind we were informed of an 'Air carrier on a 4 mile final for the right and a helicopter on final for the left.' I extended downwind and turned left base. We were a little high (approximately 900 FT) we put full flaps and pulled gear handle down. Saw green indicator of 'gear DN.' The landing seemed normal until I heard a scraping sound and the propeller stopped. I turned off the master switch immediately. Fire trucks; Sheriff; and Operations arrived quickly. The Sheriff asked if I had anything to drink today. I said 'not yet. I'm sure going to have one after this.' I showed them my driver's license; pilot license and medical.,,,,A M20J landing gear collapsed after landing. The aircraft had been in a maintenance status for a gear failing to retract fault discovered on the annual.,0,1,0,1,0,0,0,0,0,0,0,0,0,1,1,1,1,1,1,1,1,1,1,0,0,0,1,0,0,0,0,0,0,0,0,0,0,0,0,0,0,0,0,0,0,0,0,0,0,0,0,0,0,0,0,0,0,0,0,0,0,0,0,0,0,0,0,0,0,1,0,0,1,0,0,1,0,0,0,0,0,0,0,0,0,0,0,1,0,0,0
1246278,201503,0001-0600,CID.Airport,IA,,,50.0,,IMC,Fog; 1,,Night,200,4800.0,CTAF CID,Air Taxi,Citation II S2/Bravo (C550),2.0,Part 91,IFR,Ferry / Re-Positioning,Localizer/Glideslope/ILS Runway 9,Landing,Direct,Class E CID,,,,,,,,,,,,,,,,,,,,,,,Autopilot,,X,Improperly Operated; Malfunctioning,,,,,,,,,,,,,,,,,,,,,,,,,Aircraft X,Flight Deck,Air Taxi,Pilot Not Flying; First Officer,Flight Crew Flight Instructor; Flight Crew Instrument; Flight Crew Multiengine; Flight Crew Air Transport Pilot (ATP),Flight Crew Last 90 Days 135; Flight Crew Total 8500; Flight Crew Type 1275,,Confusion,,,1246278,Aircraft X,Flight Deck,Air Taxi,Pilot Flying; Captain,Flight Crew Multiengine; Flight Crew Instrument; Flight Crew Flight Instructor; Flight Crew Air Transport Pilot (ATP),Flight Crew Last 90 Days 50; Flight Crew Total 18500; Flight Crew Type 2500,,Other / Unknown,,1246974.0,Aircraft Equipment Problem Less Severe; Deviation / Discrepancy - Procedural Published Material / Policy; Inflight Event / Encounter Loss Of Aircraft Control,,,Person Flight Crew; Person Ground Personnel,In-flight; Routine Inspection,Aircraft Aircraft Damaged; General Maintenance Action,Human Factors; Aircraft,Ambiguous,We departed early AM for the flight to CID. The flight progressed normally with me acting as the non pilot flying (NPF)SIC.  20 minutes away from the airport I began checking the weather at CID and performing the Descent; Approach; and pre-landing checklists. The first time I checked the weather it was reporting 1 sm and 200 BKN so I listened to the weather 2 more times before the approach. The last time that I checked the weather we were on downwind leg being vectored for the approach and Cedar Rapids was reporting 1/2 mile visibility and 200 Broken on the automated report. Chicago center vectored us for the ILS runway 9 approach. We executed the approach as normal and configured the airplane prior to the final approach fix for runway 9. The normal callouts of 1000 to DA (Decision Altitude); 500 to DA; 200 to DA; and 100 to DA were made by me as the NPF. Just after the 100 to DA callout was made I had the Approach Light System (ALS) in sight then the runway in sight. I identified the runway in sight to the pilot flying (PF) Pilot in Command (PIC) at which time he identified it and continued visually. I felt that the PIC had disconnected the autopilot and yaw dampener because the aircraft began a normal flare to landing maneuver. My attention was directed outside the aircraft at the landing runway and there was no aural identification that the autopilot disconnected. During the flare the aircraft made an abrupt right turn which the PF reacted to and returned the aircraft to centerline. The landing was normal other than the abrupt turn to the right. After touchdown the PIC made a comment that the Yaw dampener was still connected. We proceeded off the runway where normal after landing checklists were completed and taxied to the ramp without incident. I believe that the autopilot was still connected and the PF was fighting it when the aircraft made the abrupt turn.Once at the ramp the aircraft was shut down and I opened the cabin door when the ground personnel notified us that there was a hole in the left hand flap trailing edge. The hole was just aft of the landing gear and there was no other damage noticed.Corrective actions:1) Some type of visual indication to the right seat pilot to identify when the autopilot is disconnected within his field of vision.2) An aural alert to the crew when autopilot is disconnected.3) Adherence to company procedures when and how the autopilot should be turned off.,,I was enroute on a re-position flight to IOW and diverted to CID due to rapidly deteriorated weather. Vectored to ILS 9 at CID flew ILS coupled approach checklist completed prior to beginning coupled approach and before landing completed prior to DH. Approach was normal and runway end lights were obtained just prior to DH. At the flare and touchdown later the aircraft made a pronounced deviation to the right and it was determined later that the extended flaps had impacted a runway light. I had sufficient flying speed to return the aircraft airborne and slip it back to the middle of the runway. The aircraft was then brought to a normal stop and exited the runway to the ramp. I noticed during the after landing check the autopilot/yaw damp engage lights were still illuminated and the pitch trim was in the max nose down position. Apparently when I triggered the 'disconnect' button on the control wheel it either didn't disconnect or re-engage during the descent to the runway. Since we had done a coupled approach down to the DH the autopilot apparently tried to keep the aircraft descending as we flared for the landing and the yaw damper was contradicting the rudder inputs I was making to align the aircraft with the runway. This definitely affected control of the aircraft.,,C550 flight crew describes an ILS approach to minimums; then landing apparently with the autopilot/yaw damper engaged. During the flare an abrupt right turn occurs which the  pilot flying corrects back to the center line. Post flight reveals a hole in the left flap behind the landing gear.,0,0,1,1,0,0,0,0,0,0,0,0,0,1,1,1,1,1,1,1,1,1,1,0,0,0,1,0,0,0,0,0,0,0,0,0,0,0,0,0,0,0,0,0,0,0,0,0,0,0,0,0,0,0,0,0,0,0,0,0,0,0,0,1,0,0,0,0,0,0,0,0,0,0,0,1,0,0,0,0,0,0,1,0,0,0,0,0,0,0,0
1246435,201503,0601-1200,ZZZ.ARTCC,US,,,,37000.0,,,,Daylight,,,Center ZZZ,Air Carrier,B757-200,2.0,Part 121,IFR,Passenger,,Cruise,,Class A ZZZ,,,,,,,,,,,,,,,,,,,,,,,Cockpit Window,,X,Malfunctioning,,,,,,,,,,,,,,,,,,,,,,,,,Aircraft X,Flight Deck,Air Carrier,Captain; Pilot Not Flying,Flight Crew Air Transport Pilot (ATP),,,Communication Breakdown; Distraction; Workload,Party1 Flight Crew; Party2 Ground Personnel,,1246435,,,,,,,,,,,Aircraft Equipment Problem Less Severe; Flight Deck / Cabin / Aircraft Event Other / Unknown,,,Automation Aircraft Other Automation; Person Flight Crew,In-flight,Aircraft Aircraft Damaged; Flight Crew Diverted; Flight Crew FLC complied w / Automation / Advisory; Flight Crew Landed in Emergency Condition,Aircraft; Staffing,Aircraft,At cruise altitude FL370; FWD WINDOW INOP EICAS message appeared; with formation of 2 cracks in FWD Captain (CA) windshield. Within one minute window shattered with associated loud noise. Position at time of event was approximately 200 nm E of our departure airport and 85 nm West of a suitable alternate. Followed QRH and determined possible deformation of outer pane appeared near original failure point; QRH directed land At Nearest Suitable Airport. Informed ATC and requested lower altitude and clearance to our selected divert airport. Informed FAs; had deadheading Captain come to cockpit to assist; informed Dispatch via ACARS; and deadheading Captain informed PAX. Determined because QRH recommended Land At Nearest; an overweight landing was appropriate. Overweight landing and Emergency checklists were completed.First Officer made normal landing. Following landing emergency was terminated after clearing the runway with taxi to the gate. Local staff handled customers. Appropriate maintenance log entries were made and contact was made to Dispatch via phone.Communication was difficult via ACARS and no communications was possible with local operations. Via radio operations not staffed with radio operator they said.,,,,A B757-200 EICAS alerted FWD WINDOW with two cracks; then shortly a loud noise accompanying a shattered Captain's window. The QRH was completed; the flight diverted to a nearby airport and landed in emergency condition.,0,0,1,1,0,0,0,0,0,0,0,0,0,1,1,1,1,1,1,1,1,1,1,0,0,0,1,0,0,0,0,0,0,0,0,0,0,0,0,0,0,0,0,0,0,0,0,0,0,0,0,0,0,0,0,0,0,0,0,0,0,0,1,0,1,0,0,0,0,0,0,0,0,1,0,1,0,0,0,0,0,0,0,0,0,0,0,0,0,1,0
1246497,201503,0601-1200,ZZZ.Airport,US,,,,5000.0,,,,,,,TRACON ZZZ,Air Carrier,Large Transport; Low Wing; 2 Turbojet Eng,2.0,Part 121,IFR,Passenger,,Climb,,Class B ZZZ,,,,,,,,,,,,,,,,,,,,,,,,,,,,,,,,,,,,,,,,,,,,,,,,,,,Aircraft X,Flight Deck,Air Carrier,Captain,Flight Crew Air Transport Pilot (ATP),,,Situational Awareness; Workload,,,1246497,Aircraft X,Flight Deck,Air Carrier,First Officer,Flight Crew Air Transport Pilot (ATP),,,Workload; Situational Awareness,,1246634.0,Inflight Event / Encounter Bird / Animal,,,Person Flight Crew,In-flight,Aircraft Aircraft Damaged; Flight Crew Took Evasive Action; Flight Crew Returned To Departure Airport; Flight Crew Landed in Emergency Condition; General Declared Emergency; General Maintenance Action,Environment - Non Weather Related,Environment - Non Weather Related,On departure between 5;000 feet and 6;000 feet; multiple bird strikes on the aircraft. Felt like the majority of the strikes were on the right side of the aircraft and there seemed to be a vibration coming from the airframe and/or engine. Engine parameters were normal and within limits. The vibration indicator on the #2 engine was a little higher than the #1 engine but again everything was within limits. We started a descent and right turn to return to ZZZ. An ILS was flown were an uneventful overweight landing was accomplished. Airport fire and rescue scanned the aircraft and we taxied to gate. During taxi; the #2 engine was shut down to a noticeable vibration when power was advanced from idle. After parking at the gate; maintenance looked over the aircraft and advised us that there was a hole in the lower right radome; damage to the fan blades on the #2 engine; and multiple impacts on the right wing and winglet. Dispatch was called after parking at the gate.,,There was no abnormal engine indications but; there was a loud vibration sound.,,An air carrier crew departed and struck a bird flock between 5;000 feet and 6;000 feet. Because of engine and airframe vibration the crew returned to departure airport where damage was found to the radome; #2 engine fan blades; the right wing and winglet.,0,0,0,1,0,0,0,0,0,0,0,0,0,1,1,1,1,1,1,1,1,1,1,0,0,0,1,0,0,0,0,0,0,0,0,0,0,0,0,0,0,0,0,0,0,0,0,0,0,1,0,0,0,0,0,0,0,0,0,0,0,0,0,0,0,0,0,0,0,1,0,0,0,1,0,0,0,0,0,0,1,0,0,0,0,0,0,0,0,0,0
1246890,201503,1201-1800,FRG.Airport,NY,,,,,VMC,10,,,10000,,,FBO,PA-28 Cherokee/Archer/Dakota/Pillan/Warrior,1.0,Part 91,VFR,Personal,,Landing,Visual Approach,,,,,,,,,,,,,,,,,,,,,,,,Normal Brake System,,X,Improperly Operated,,,,,,,,,,,,,,,,,,,,,,,,,,Flight Deck,FBO,Pilot Flying; Single Pilot,Flight Crew Private,Flight Crew Last 90 Days 5.4; Flight Crew Total 353.8; Flight Crew Type 56.2,,Situational Awareness,,,1246890,,,,,,,,,,,Ground Event / Encounter Loss Of Aircraft Control; Ground Event / Encounter Ground Strike - Aircraft; Ground Excursion Runway,,,Person Flight Crew,In-flight,Aircraft Aircraft Damaged; Flight Crew Regained Aircraft Control,Human Factors,Human Factors,I was flying a normal pattern and approach to land on runway 19 at my home airport. When I called in; ATIS reported the wind as 180@13 knots although closer in time to the incident it was reported as 210@10 knots. The approach to landing and the flare seemed normal to me and I did not note any significant crosswind effects. On the landing rollout and while I was applying the brakes for an intended exit to a left taxiway the plane swerved to the right. I remember holding in left rudder and braking on both pedals but the plane continued to swerve right. The plane went off the right side of the runway and the left side wing flap hit a taxiway sign that was in the grass adjacent to the runway. The plane came to a stop in the grass a short distance later. There was a right side tire mark on the runway so it looks like the right wheel brakes were locked up or at least doing most of the braking which accounts for the swerve to the right. It swerved so fast that I cannot recall if the left side brake felt weak or not at the time. In hindsight it was pointed out; because I was holding in left rudder at the time; that brake pedal would have been further away and perhaps that would account for a weaker braking feeling on that side anyway. The taxiway sign was substantially damaged. From what I could see on the plane there was a scrape mark under the left wing and damage to the flap. The plane was towed to a hangar. I will be following up with the FBO on the repairs of course and would certainly like to know if they find any abnormality in the left or right side braking systems or if this was purely caused by pilot error. That is; unequal brake pressure that was worsened when I applied left rudder correction. The plane was lightly loaded at the time. In the future I will let the plane get slower on its own and thus have more nose wheel stability before applying the brakes. Also when I adjust my seat position I may put it up one notch closer to the pedals so I am sure to have enough brake pedal leverage when the rudder pedals are not in the neutral position.,,,,The pilot of a Piper PA-28 lost control of the aircraft during landing rollout; resulting in a runway excursion and contact with a taxiway sign.,0,0,0,1,0,0,0,0,0,0,0,0,0,1,1,1,1,1,1,1,1,1,1,0,0,0,1,0,0,0,0,0,0,1,0,0,0,0,0,0,0,0,0,1,0,0,0,0,0,0,0,0,0,0,0,0,0,0,0,0,0,0,0,0,0,0,0,0,0,1,0,0,0,0,0,0,0,0,0,0,0,0,1,0,0,0,0,0,0,0,0
1246931,201503,1201-1800,ZZZ.Airport,US,,,,,VMC,10,,Daylight,12000,,,Personal,A-1 Husky,,Part 91,,Passenger,,Landing,Visual Approach,,,,,,,,,,,,,,,,,,,,,,,,,,,,,,,,,,,,,,,,,,,,,,,,,,,,Aircraft X,Flight Deck,Personal,Pilot Flying; Single Pilot,Flight Crew Air Transport Pilot (ATP); Flight Crew Flight Instructor,Flight Crew Last 90 Days 40; Flight Crew Total 10050; Flight Crew Type 180,,Training / Qualification,,,1246931,,,,,,,,,,,Ground Event / Encounter Loss Of Aircraft Control,,,Person Flight Crew,Other landing roll,Aircraft Aircraft Damaged,Aircraft; Human Factors,Human Factors,I ground looped Husky damaging the tailwheel assembly and right wing tip as a result of losing directional control. According to NTSB 830; 'bent fairings or cowling; dented skin; small punctured holes in the sin or fabric; ground damage to rotor or propeller blades and damage to landing gear; wheels; tires; flaps;engine accessories; brakes or wing tips are not considered 'substantial damage' for the purpose of this part.Our family used to own a Husky and I have around 200 hours in type. This aircraft differed however in having large bush wheels installed which I had never landed on tarmac before.  When we landed we lost directional control at a low speed turning left even with full right pedal depressed.  I am not certain if the tail wheel failed prior to or after losing directional control.The lack of recent experience; different handling qualities of the wheels installed and potential failure of the tail wheel as we touched down are likely the cause of this incident.,,,,Aviat Husky pilot reported ground looping the aircraft resulting in slight damage.,0,0,0,1,0,0,0,0,0,0,0,0,0,1,1,1,1,1,1,1,1,1,1,0,0,0,1,0,0,0,0,0,0,0,0,0,0,0,0,0,0,0,0,0,0,0,0,0,0,0,0,0,0,0,0,0,0,0,0,0,0,0,0,0,0,0,0,0,0,0,0,1,0,0,0,1,0,0,0,0,0,0,1,0,0,0,0,0,0,0,0
1247585,201503,1201-1800,ZZZ.Airport,US,,,0.0,,VMC,7,,Daylight,,,Tower ZZZ,Personal,Small Aircraft,1.0,Part 91,,Personal,,Landing,,,,,,,,,,,,,,,,,,,,,,,,,Tail Wheel,,X,Failed,,,,,,,,,,,,,,,,,,,,,,,,,Aircraft X,Flight Deck,Personal,Single Pilot,Flight Crew Multiengine; Flight Crew Air Transport Pilot (ATP),Flight Crew Last 90 Days 80; Flight Crew Total 6800; Flight Crew Type 5,,Human-Machine Interface,,,1247585,,,,,,,,,,,Ground Event / Encounter Ground Strike - Aircraft; Inflight Event / Encounter Loss Of Aircraft Control,,,Person Flight Crew,In-flight,Aircraft Aircraft Damaged,Aircraft; Human Factors,Ambiguous,Initially aircraft bounced upon landing. Power was added and a smooth touchdown of the main landing gear was accomplished. On landing rollout as the tail settled; a grinding noise was heard. Differential braking was initially effective; but eventually; the aircraft ground-looped hard to the right and the landing gear collapsed; causing the propeller to strike the ground and stopping the engine. Upon disembarking the aircraft; I looked and found that the tailwheel had departed the aircraft. The tailwheel was found on the runway near the point of the initial touchdown. No injuries were sustained by anyone during the course of these events. Upon further examination; the tailwheel was found to have had a faulty weld that lacked penetration. There was no documentation found of any previous repairs having been made to that portion of the aircraft. Improper and/or undocumented repairs under previous owner(s) of this aircraft were a primary factor in the incident.,,,,Pilot of a tailwheel aircraft experiences a bounced landing followed by a smooth landing until the tail is lowered to the runway. A grinding noise is heard followed by a ground loop resulting in gear collapse and a propeller strike.,0,0,0,1,0,0,0,0,0,0,0,0,0,1,1,1,1,1,1,1,1,1,1,0,0,0,1,0,0,0,0,0,0,1,0,0,0,0,0,0,0,0,0,0,0,0,0,0,0,0,0,0,0,0,0,0,0,0,0,0,0,0,0,0,0,0,1,0,0,0,0,0,0,0,0,1,0,0,0,0,0,0,1,0,0,0,0,0,0,0,0
1247586,201503,1201-1800,ZZZ.Airport,US,,,0.0,,VMC,10,,Daylight,6000,,,Personal,PA-18/19 Super Cub,,Part 91,,Personal,,Landing,Visual Approach,,,,,,,,,,,,,,,,,,,,,,,,,,,,,,,,,,,,,,,,,,,,,,,,,,,,,Flight Deck,Personal,Single Pilot,Flight Crew Flight Engineer; Flight Crew Air Transport Pilot (ATP),Flight Crew Last 90 Days 170; Flight Crew Total 23500; Flight Crew Type 220,,Situational Awareness,,,1247586,,,,,,,,,,,Ground Event / Encounter Ground Strike - Aircraft; Ground Event / Encounter Loss Of Aircraft Control; Inflight Event / Encounter Weather / Turbulence,,,Person Flight Crew,In-flight,Aircraft Aircraft Damaged; Flight Crew Regained Aircraft Control; General Maintenance Action,Human Factors; Weather,Weather,Forecast winds were 310/20. Upon arrival found winds 320/13G22. Calculated crosswind and found the best runway to be 29 with a crosswind component of 14 knots with gust. While the Type Data Certificate sets no crosswind limit; the manufacturer suggest 14 knots. Set up a for a half flaps approach. Performed a wheel landing. On rollout as the tail came down wind gusted. Despite full aileron and opposite rudder aircraft weathervane into the wind attempts to correct were not successful. The airplane nosed over and caught the left wing tip on the way down.,,,,The pilot of a Piper PA18 recognized wind conditions approaching the recommended limit for the aircraft. During landing rollout the pilot lost control; resulting in minor damage.,0,0,0,1,0,0,0,0,0,0,0,0,0,1,1,1,1,1,1,1,1,1,1,0,0,0,1,0,0,0,0,0,0,1,0,0,0,0,0,0,0,0,0,0,0,0,0,0,0,0,0,0,0,0,0,0,0,0,0,1,0,0,0,0,0,0,0,0,0,1,0,0,0,0,0,0,0,0,0,0,0,0,1,0,0,0,0,0,0,0,1
1247873,201503,0601-1200,ZZZ.Airport,US,,,,2200.0,VMC,10,,Daylight,,,Tower ZZZ,FBO,Bonanza 36,2.0,Part 91,VFR,Training,,Final Approach,Visual Approach,Class D ZZZ,,,,,,,,,,,,,,,,,,,,,,,Electrical Power,,X,Failed,,,,,,,,,,,,,,,,,,,,,,,,,Aircraft X,Flight Deck,FBO,Pilot Flying; Trainee,Flight Crew Instrument; Flight Crew Private,Flight Crew Last 90 Days 3.5; Flight Crew Total 324.1; Flight Crew Type 11.7,,Situational Awareness,,,1247873,,,,,,,,,,,Aircraft Equipment Problem Less Severe; Ground Event / Encounter Ground Strike - Aircraft,,,Person Flight Crew,In-flight,Aircraft Aircraft Damaged; Flight Crew Landed in Emergency Condition; Flight Crew Returned To Departure Airport,Aircraft; Human Factors,Aircraft,This flight started out as a time to work on learning the Bonanza's glass instruments and using them to practice IFR approaches. While doing this I would also complete the landing requirements for insurance.We approached the plane and everything looked normal. I opened the rear cabin doors and set down my flight bag to remove the planes checklist and my headphones.I open the main cockpit door and climb into the left seat and hook up my headphones and open the small pilot window. After opening the window the external preflight was started. I turn on the battery and lights while the Instructor checked the lights and stall warning were functioned properly. Walk around checklist completed both flight instructor and I; oil checked and at 10 quarts; fuel drained checked under both wings and lower left fuselage. Hobbs and tach time was taken and the Instructor wrote the beginning times in the Hobbs and tach time log. The Instructor noticed that there was a discrepancy from the last entry and our beginning time. I took a photo of our beginning Hobbs and tach time. For proof of the lack of a prior flight being entered.The plane cockpit preflight checklist was completed. Ground was called to get permission to Taxi. Ground cleared us to the runway stopping in the run-up area to complete the run-up. After run-up the radio was switched to tower. Tower was called for takeoff. Tower cleared us for takeoff and asked for direction of flight. They were told that we were staying in pattern for approaches. The flight instructor; corrected the call telling them we are going to do approaches; beginning with the RNAV approach. We were cleared for right hand traffic. After liftoff the gear was brought up and after climbing out a right hand turn started. I told the Instructor during the climb out that I started not being able to hear the tower well. He made radio calls while checking the radio settings and getting me able to better hear the tower. Tower started vectoring us outbound from the airport; then told us head to the IAF for procedure turn inbound. We were also given the altitude of 3000 feet. So; during climb out; while making our right turn; being vectored and given altitude the Instructor had to help make the call backs to the tower because my radio wasn't clear. I made a couple of call backs; but when pressing the mic switch I could not hear my calling over my headset. The Instructor had to tell me what the tower instructions were that I did not hear completely. We climbed to 3000 feet. Heading southeast while climbing. We reached 3000 feet and then shortly after we were told by the tower that we could head to the IAF.  We went direct and did a left procedure turn back at 3000 feet.  We crossed the FAF on final approach and started slow descent for 2200 feet. I started slowing the plane down and dropped the first setting of flaps. Descent continued and we were slow enough to extend the gear. The Instructor said to drop the gear to help aid in descent. I put the gear lever in the down position; the gear down lights started to light up. The gear started transitioning down; I could hear and feel it extending. I looked up after the three green lights had started coming on to keep flying the plane and do instrument scan.Within 15-30 seconds after going gear down we had complete radio failure and/or electrical failure. The Aspen stayed lit up. The Instructor tried to restart the radios and electronics. I told The Instructor to squawk radio failure. He set up the old transponder to 7600 and started flashing our lights to signal the tower. He also tried to call/text the flight school and have them call the tower to tell them we had radio/electrical failure. He didn't get through. He then continued to flash the lights.I continued to fly the plane. I had visual of the airport and started flying with the gauge airspeed indicator and altimeter.  We were about two-three miles away from the threshold and I placedthe last notch of flaps after the radios and electrical had failed.I aimed for just before the numbers and powered to cross over the threshold. We crossed the threshold and started flaring. During flare the plane started to float and I adjusted with power and manipulating the yoke. We floated for seemed like twenty to thirty yards; just over the numbers. The plane then started down to touch landing gear.I felt the plane touch down on the left landing gear and we rolled for a distance. I started lowering the nose. Once the nose started down the plane collapsed down past the normal landing position; then collapsed down on the nose and right wing with the left wing angled upward.  All the time after nose hitting down we slid forward veering to the right until coming to a complete stop.Once we stopped it took us a moment to collect ourselves as to what happened. The Instructor and I looked at each other as to what happened. The Instructor stated that he could smell fire and for us to get out. I looked up and did a visual of what I could see of the plane externally and at the panel. I didn't see any smoke or fire and grabbed our headsets. I cleared the plane turned around and saw that there was no smoke or flames and headed back to the plane to get my flight bag out of the rear cabin. The Instructor was standing away from the plane. I then went to the side of the runway and stood away from the plane with him. A gentleman from the airport came to the site within a couple of minutes. He gathered information on what occurred; our contact information and asked to see our pilot's license. Once he was finished the Instructor and I began taking photographs externally and internally of the aircraft. The fire department came and we went and stood by their truck; by their invitation; to have a block from the wind. While we were with them the gentleman from the airport started to take photos with his cellphone; but then came up to us to tell us he needed to head back to his office to get a better camera to take photos. When he returned he began and completed his photographs. The entire time he was gone we were with the firemen and away from the plane. The Instructor asked him to follow him to the plane so that he could take photos of the breakers. No breakers had popped due to the radio/electronics failure.,,,,Bonanza 36 pilot under instruction experiences electrical failure shortly after the landing gear is extended during approach. The approach is continued to landing where the gear collapses after a short roll.,0,0,1,1,0,0,0,0,0,0,0,0,0,1,1,1,1,1,1,1,1,1,1,0,0,0,1,0,0,0,0,0,0,1,0,0,0,0,0,0,0,0,0,0,0,0,0,0,0,0,0,0,0,0,0,0,0,0,0,0,0,0,0,0,0,0,0,0,0,1,0,0,0,0,0,1,0,0,0,0,0,0,1,0,0,0,0,0,0,0,0
1247880,201503,0001-0600,ZZZ.Airport,US,,,0.0,,VMC,10,,Daylight,,,Tower ZZZ,Corporate,Beechjet 400,,Part 91,VFR,Ferry / Re-Positioning,,Landing,Visual Approach,,,,,,,,,,,,,,,,,,,,,,,,Normal Brake System,,X,Failed,,,,,,,,,,,,,,,,,,,,,,,,,Aircraft X,Flight Deck,Corporate,Pilot Not Flying; Captain,Flight Crew Multiengine; Flight Crew Instrument; Flight Crew Air Transport Pilot (ATP),Flight Crew Last 90 Days 75; Flight Crew Total 2900; Flight Crew Type 400,,Situational Awareness; Human-Machine Interface,,,1247880,Aircraft X,Flight Deck,Corporate,Pilot Flying; First Officer,Flight Crew Commercial; Flight Crew Instrument; Flight Crew Multiengine; Flight Crew Flight Instructor,Flight Crew Last 90 Days 100; Flight Crew Total 1340; Flight Crew Type 15,,Training / Qualification; Human-Machine Interface,,1247905.0,Aircraft Equipment Problem Less Severe,,,Person Flight Crew,In-flight,Aircraft Aircraft Damaged; General Maintenance Action,Aircraft; Human Factors,Aircraft,We were conducting a VFR flight in order to reposition our aircraft to pick up the owners. Upon departing we experienced a Master Caution message indicating an anti-skid failure. This caution message occurred after rotation and remained illuminated for approximately 5 seconds before it extinguished. The remainder of the flight was continued to destination and a visual approach was initiated. The pilot flying; completed a base to final turn and was stabilized and on speed by 1;000 feet. Upon touchdown; he applied the brakes; however the aircraft braking did not engage and no deceleration was observed. I also put max brake pressure on and felt no deceleration. The brake pedals provided no feedback and felt as if they were stuck in position. Thrust reversers were deployed to maximum and I initiated the emergency memory items for a brake failure on landing. I turned off the anti-skid system and immediately applied maximum braking due to only having approximately 1;500 feet of runway remaining. The aircraft began to decelerate and the rear tires were skidding. A slight loss of direction control was noticed and the aircraft came to a stop with approximately 500-600 feet of runway remaining. Both rear tires burst and the aircraft was resting on the rims. I completed a shutdown checklist and exited the aircraft. Maintenance personnel removed the aircraft from the runway.,,I was the copilot flying in a BE-400. I turned a two mile final from a visual approach to the runway; configured for landing on speed and on the visual glide path. We touched down and I applied the brakes. There was no apparent deceleration. The PIC noted the lack of deceleration; took the aircraft and applied the brakes with no response. He then checked the thrust reversers in max; turned off the anti-skid and re applied the brakes. The airplane stopped near centerline after a slight loss of directional control with about 600 feet remaining. Both main tires blew due to the lack of anti-skid. The aircraft was removed from the runway by Maintenance.,,BE-400 flight crew experiences an anti-skid failure message after rotation on a ferry flight. The warning quickly disappears and the flight continues to destination where the brakes are found to be inoperative on touchdown. The anti-skid is switched off and the brakes are reapplied firmly causing both main tires to burst.,0,0,1,1,0,0,0,0,0,0,0,0,0,1,1,1,1,1,1,1,1,1,1,0,0,0,1,0,0,0,0,0,0,0,0,0,0,0,0,0,0,0,0,0,0,0,0,0,0,0,0,0,0,0,0,0,0,0,0,0,0,0,0,0,0,0,1,0,0,1,0,0,0,0,0,1,0,0,0,0,0,0,1,0,0,0,0,0,0,0,0
1248727,201503,1201-1800,ZZZ.Airport,US,,,0.0,,,Clear; Calm,,Daylight,,,Tower ZZZ,Personal,Golden Eagle 421,,Part 91,VFR,Personal,,Landing,Direct; Visual Approach,,,Y,Y,Y,Scheduled Maintenance,Inspection; Installation; Repair; Testing,,,,,,,,,,,,,,,,,Gear Extend/Retract Mechanism,Cessna,X,Failed,,,,,,,,,,,,,,,,,,,,,,,,,Aircraft X,General Seating Area,Personal,Technician,,,,Communication Breakdown,Party1 Maintenance; Party2 Maintenance,,1248727,Aircraft X,General Seating Area,Personal,Technician,Maintenance Powerplant; Maintenance Inspection Authority; Maintenance Airframe,Maintenance Lead Technician 3; Maintenance Technician 40,,Situational Awareness; Communication Breakdown,Party1 Maintenance; Party2 Maintenance,1248849.0,Aircraft Equipment Problem Critical; Deviation / Discrepancy - Procedural Maintenance; Deviation / Discrepancy - Procedural Published Material / Policy; Ground Event / Encounter Ground Strike - Aircraft; Ground Event / Encounter Loss Of Aircraft Control,,Y,Person Maintenance,Other On Landing,Aircraft Aircraft Damaged; General Flight Cancelled / Delayed; General Maintenance Action,Aircraft; Human Factors; Incorrect / Not Installed / Unavailable Part; Procedure,Human Factors,A Cessna 421C having undergone a complete and thorough Annual with overhauled/rebuilt engines; props; landing gear actuators and several other items was taken on a test flight for any issues resulting from the extensive disassembly and reassembly of parts and panels.The following are the facts:My Director of Maintenance (DOM) for the newly purchased Part 135 Air Charter and I had done most of the work on the aircraft during long days and nights trying to get it ready for an FAA inspection to be put back in service in March. As the owner of the air charter I called our Principal Operations Inspector (POI) at the local FSDO and let him/her know we were not going to meet the deadline in March and that we were going to wait until late April for the inspection; but nonetheless my DOM pushed to complete the remaining repairs by staying very late at night and into the wee morning hours; sometimes exceeding 16-hours of continuous work.My Director of Maintenance called on the Chief Pilot and the former Director of Operations to act as pilot and copilot on a short test run from North ZZZ1 to ZZZ2; and we both rode as passengers to observe aircraft gauges and look for general performance issues.At ZZZ2 we inspected the aircraft and noticed some minor hydraulic leaks from reservoir; engine oil leak from left engine; and some other minor issues that were not serious enough to be a problem for a return flight for further service. We filled all fuel tanks to the top to check for leaks.During run-up; brakes felt like they were not releasing well and a low hydraulic pressure light illuminated. Consensus among the three seasoned aviators was to free up the brakes by fiddling with the parking brake and hydraulic valve and fly back with the landing gear down the whole way in case the low hydraulic warning was in fact an indication of hydraulic issues; which may prevent the landing gears from dropping down for landing.My aviation repair experience is short and limited but I had the opportunity to read the chapter on human factors and the chain of events that generally lead to an incident/accident; and the importance of recognizing that and breaking that chain of events to prevent a catastrophe. However; hearing the three veterans of aviation conferring and deciding to continue to fly the aircraft; against my better judgment; I chose to remain silent and opted to be more vigilant of the aircraft gauges and look out the windows for signs of the hydraulic and engine oil leak from becoming too severe (as if that would be a lot of help at 9;000 feet).Even though the following incident didn't result from any of the issues noted above; the fact that the Pilot in Command (PIC) and the Second in Command (SIC) felt no need to be extra vigilant during the pre flight and/or to question the quality of workmanship during the Annual Inspection and ensuing repairs; in my opinion; was the 'missed opportunity' to break the chain of events that led to the incident below.Upon landing at the home ZZZ1 airfield; the front gear actuator broke just past the jam-nut; which had not been safety wired; as was the left gear. Both these actuators had been sent out to be rebuilt and reinstalled due to leaks; but not safety wired. The recently overhauled engines and props and additionally the nose of the aircraft were severely damaged; when the nose gear collapsed and the aircraft slid down the runway for over 1;200 feet. Fortunately there were no injuries to anyone onboard.,Reporter stated that he is a private pilot and that he and two other students who were in an aircraft technician school; were working under the direction of an Aircraft Maintenance Technician (AMT) who also had an Inspection Authority (IA) rating and was thought to be the Director of Maintenance for the recently purchased Part 135 Air Charter Cessna 421c aircraft they were working on. He did not install the Nose Landing Gear (NLG) actuator; but one of the other student's did. A bolt for the actuator rod end became difficult to install and started to strip; so the AMT told them to leave it loose and he would get to it later. But apparently he forgot and did not notice the actuator jam nut was not safety tied. The aircraft had flown at 140 knots with the gear down and the thinking was the vibration in flight caused the unsafety tied jam nut to back off causing the rod end to break on landing.,Aircraft was in for Annual where it was discovered Nose Gear Retract Actuator and Left Gear Retract Actuator Leaking. Actuators were removed and sent out for overhaul. Overhauled Actuators were installed and rigged. Aircraft was connected to a hydraulic power unit while the aircraft was on jacks and the Landing Gear was cycled four times verifying landing gear lights operation and verifying no hydraulic leaks; and rigging and doors were correct per Cessna Maintenance Manual (CMM).Main Brake pads were changed at the same time as the actuators installation; four high speed taxi runs down the runway were accomplished to brake in the new pads per Cessna Maintenance Manuel. The next Day; in March 2015; the aircraft was flown to ZZZ2; no event landing all system operating normal. Return flight ZZZ2 to ZZZ1; no event until landing where Nose Gear collapsed upon landing. Nose Gear Retract Actuator broke at rod end.,,A student mechanic and an Aircraft Maintenance Technician (AMT) report about a Nose Landing Gear (NLG) on a Cessna 421C aircraft that had collapsed on landing damaging both overhauled engines; props; and nose section. Nose Gear Retract Actuator had broken at the actuator rod end where a jam nut was found not safety tied. The aircraft had slid down the runway 1200 feet.,0,1,0,0,1,1,1,0,1,1,1,1,1,0,0,0,0,0,0,0,0,0,0,0,0,0,0,0,0,0,1,1,0,1,0,1,0,0,0,0,0,0,0,0,0,0,0,0,0,0,1,1,1,1,0,0,0,1,0,0,0,0,1,0,0,0,0,0,0,0,0,0,0,0,0,1,0,0,0,0,0,0,1,1,0,0,0,1,0,0,0
1249804,201503,1201-1800,ZZZ.Tower,US,,,,,VMC,10,,Daylight,CLR,,,Personal,Sundowner 23,1.0,Part 91,VFR,Training,,Landing,Visual Approach,,,,,,,,,,,,,,,,,,,,,,,,,,,,,,,,,,,,,,,,,,,,,,,,,,,,Aircraft X,Flight Deck,Personal,Pilot Flying; Single Pilot,Flight Crew Student,Flight Crew Last 90 Days 23; Flight Crew Total 81; Flight Crew Type 16,,Training / Qualification,,,1249804,Hangar / Base,,Personal,Instructor,Flight Crew Multiengine; Flight Crew Instrument; Flight Crew Commercial; Flight Crew Flight Instructor,Flight Crew Last 90 Days 20; Flight Crew Total 13800; Flight Crew Type 200,,,,1249814.0,Ground Event / Encounter Ground Strike - Aircraft; Ground Event / Encounter Loss Of Aircraft Control; Ground Excursion Runway,,,Person Flight Crew,In-flight,Aircraft Aircraft Damaged,Human Factors,Human Factors,My plan for the day was to practice landings. It was a clear day without clouds; unrestricted visibility  with the winds pretty well in line with the runway. I performed a total of 6 successful normal landings. During the 7th approach everything seemed normal; including  the approach speed & altitude; the round-out seemed normal as well. However; as I was preparing to touch down; it felt like a bounce. Took evasive action; however; by that time the plane had started to steer to the right; assuming the propeller had struck the pavement causing the oscillation to the right. The momentum forced me into the grass; I still appeared to have some directional control which allowed me to get the plane back onto the runway. The changes in surface from pavement to grass and back to the pavement exacerbated nose wheel damage. There were no injuries or damage to property. The plane's nose gear bent backwards and had to be towed back to the FBO. Everything happened very fast!,,My student was soloing in the pattern. He has about 80 hours; and previously I had been preparing him for his Private Pilot check ride. I had practiced every possible situation upon landing; and how to recover from it. We had done recovery from a bounce; and ballooning. Extreme cross winds; go arounds. After about 4 to 5 landings in the pattern; he bounced the plane. I cannot report what happened as I was not on board the airplane. According to him; he landed very hard. The plane had some damage to it.,,BE-23 student pilot and his instructor reported the student lost control of his aircraft after landing; resulting in a runway excursion and damage to the nose gear.,0,0,0,0,1,1,1,0,1,1,1,1,1,0,0,0,0,0,0,0,0,0,0,0,0,0,0,0,0,0,1,1,0,1,0,1,0,0,0,0,0,0,0,1,0,0,0,0,0,0,1,1,1,1,0,0,0,1,0,0,0,0,0,0,0,0,0,0,0,0,0,1,0,0,0,0,0,0,0,0,0,0,1,0,0,0,0,0,0,0,0
1250628,201503,0601-1200,ZZZ.Tower,US,,,,1000.0,VMC,10,,Daylight,,,,FBO,PA-28 Cherokee/Archer/Dakota/Pillan/Warrior,,Part 91,,Training,,Landing,Visual Approach,Class D ZZZ,,,,,,,,,,,,,,,,,,,,,,,,,,,,,,,,,,,,,,,,,,,,,,,,,,,Aircraft X,Flight Deck,FBO,Pilot Flying; Instructor,Flight Crew Commercial; Flight Crew Flight Instructor; Flight Crew Instrument; Flight Crew Multiengine; Flight Crew Private,Flight Crew Last 90 Days 120; Flight Crew Total 1100; Flight Crew Type 800,,Training / Qualification,,,1250628,Aircraft X,Flight Deck,Other Flight School,Trainee; Pilot Flying,Flight Crew Student,Flight Crew Last 90 Days 32; Flight Crew Total 32; Flight Crew Type 32,,Training / Qualification,,1250651.0,Ground Event / Encounter Other / Unknown,,,Person Flight Crew,In-flight,Aircraft Aircraft Damaged,Human Factors,Human Factors,I was teaching my student short field landing with touch and go. My student was about to make a hard landing; so I tried to recover with full power. However; it was too late; we made hard contact on the ground and became airborne. While on the downwind; I heard some abnormal sound under my right wing. So I asked the Tower to check my landing gear; and the Tower told me that my right main landing gear was broken and dangling with wire. So I requested for power off soft field landing on runway 29L of Stockton Airport. Then Tower gave us instruction to make low approach only until they have emergency personnel and vehicle ready. So I made few traffic patterns for about 30 minutes and prepared the emergency checklist. After airport personnel finished preparation for emergency landing; I made 2 approaches; 1 for practice for emergency landing; 1 for actual emergency landing. After emergency landing; my student and I evacuated the airplane immediately. I should have used caution while I was teaching my student.,,[Report narrative contained no additional information].,,PA-28 instructor and student pilot reported damage to the landing gear resulted from a hard landing.,0,0,0,0,1,1,1,0,1,1,1,1,1,0,0,0,0,0,0,0,0,0,0,0,0,0,0,0,0,0,1,1,0,0,0,1,0,0,1,0,0,0,0,0,0,0,0,0,0,0,1,1,1,1,0,0,0,1,0,0,0,0,0,0,0,0,0,0,0,0,0,1,0,0,0,0,0,0,0,0,0,0,1,0,0,0,0,0,0,0,0
1250635,201503,1201-1800,CYCE.Airport,ON,,,0.0,,VMC,Snow; Icing,,Daylight,,,CTAF CYCE,Corporate,IAI1125 (Astra),2.0,Part 91,IFR,Ferry / Re-Positioning,,Landing,,,,,,,,,,,,,,,,,,,,,,,,,,,,,,,,,,,,,,,,,,,,,,,,,,,,,Aircraft X,Flight Deck,Corporate,Pilot Not Flying; Captain,Flight Crew Air Transport Pilot (ATP),Flight Crew Last 90 Days 30; Flight Crew Total 9400; Flight Crew Type 120,,Situational Awareness,,,1250635,,,,,,,,,,,Ground Event / Encounter Object,,,Person Flight Crew,In-flight,Aircraft Aircraft Damaged,Weather; Airport; Human Factors,Airport,We departed for our destination of Centralia; ON (CYCE). Centralia has no WX reporting and uses the TAF from London. The CTAF at Centralia is not monitored; and a check of NOTAMS prior to departing for Centralia had 'no' indications of runway closures. The flight was performed VFR in VMC conditions. Winds departing were 3110G20. During approach at Centralia the wind display on our MFD's indicated it to be aligned with 34 at 18 kts.On final approach areas of what were believed to be only patchy thin snow and ice were observed to be covering approximately 10% of Rwy 34; primarily at the threshold and departure end. Some was observed also in the area where RWY 10/28 crosses RWY 17/34.Following a normal landing I as pilot not flying looked down to verify AIR BRAKES Deployed. Annunciator was on. When I raised my head saw what believed was patchy thin ice and snow at the point Rwy 10/28 crossed were actually berms left from plowing Rwy 10/28. I would estimate them to have been 1 to 3 feet in height.The Pilot Flying applied maximum braking and full aft yoke. Upon impacting the second berm the Nose Landing Gear failed and the bottom half separated from the aircraft. The Pilot Flying maintained directional control and was able to gently lower the nose to the runway. During our approach to Centralia we elected to enter on a left base rather than on the downwind; which may have given us a better perspective to view the runway. We were lulled into assuming what little snow and ice we observed on Rwy 34 was all only patchy thin as there was no NOTAM or physical indication that the runway was closed. Also; as Pilot not flying on the short flight I was busy and did not take the extra few moments I should have to observe the runway more closely. I suspect that during the last snowfall only Rwy 10/28 was plowed and the berm we impacted was left over from that. I believe the Pilot Flying did an excellent job of dealing with this mishap; as we had only a few seconds from touchdown to impact. I would like to explore; perhaps during our next Sim Recurrent what would have occurred if prior to impacting the berm the brakes had been released and while still holding full aft yoke the T/R's had been deployed. They are mounted high on the Astra and I believe these actions might have lightened the load significantly on the Nose Landing Gear during the impact with the berm.,,,,IA1125 Captain reported nose gear damage resulted from impact with a snow berm on landing roll at CYCE.,0,0,0,0,1,1,1,0,1,1,1,1,1,0,0,0,0,0,0,0,0,0,0,0,0,0,0,0,0,0,1,1,0,0,0,1,0,1,0,0,0,0,0,0,0,0,0,0,0,0,1,1,1,1,0,0,0,1,0,0,0,0,0,0,0,0,0,0,0,1,0,0,0,0,0,0,1,0,0,0,0,0,1,0,0,0,0,0,0,0,1
1250958,201503,1201-1800,ZZZ.Airport,US,,,0.0,,VMC,,,Daylight,,,,Personal,Seaplane or Amphibian,,Part 91,,Personal,,Landing,Visual Approach,,,,,,,,,,,,,,,,,,,,,,,,,,,,,,,,,,,,,,,,,,,,,,,,,,,,Aircraft X,Flight Deck,Personal,Single Pilot; Pilot Flying,Flight Crew Instrument; Flight Crew Multiengine; Flight Crew Commercial,Flight Crew Last 90 Days 150; Flight Crew Total 2500; Flight Crew Type 53,,Situational Awareness; Training / Qualification,,,1250958,,,,,,,,,,,Deviation / Discrepancy - Procedural Published Material / Policy; Ground Event / Encounter Loss Of Aircraft Control,,,Person Flight Crew,Other landing roll,Aircraft Aircraft Damaged,Human Factors,Human Factors,I started the engine of a Searey LSA Amphib; picked up the ATIS; asked for my taxi clearance and requested touch and go in the sealane. I was issued a squawk code and cleared to taxi to the runup area. After runup; I contacted ground and was instructed to contact tower which I did. The Tower cleared me for takeoff; left traffic. I took off made left traffic; and was cleared for the option; sealane south. I prepared for and made a normal approach to landing on the sealane. As I was expecting to touchdown on the water; the airplane flipped over and water came in on me. I removed my harness; pushed the hatch back and swam out. Some men on the side of the sealane asked me if anyone else was in the plane. I told them no.  Inadvertently and unintentionally; I did not consult a checklist prior to configuring the aircraft for approach.  After the mishap; the aircraft was floating upside down.  The landing gear were extended.  It is likely I did not raise the landing gear before making a water landing.  As a result of this situation; I have resolved to utilize appropriate checklists no matter the simplicity of or my familiarity with any aircraft. It doesn't take that long and the consequences of failure to do so are potentially serious.,,,,Searey LSA Amphib pilot reported landing on the water with the gear down; causing the aircraft to flip over onto its back.,0,0,0,0,1,1,1,0,1,1,1,1,1,0,0,0,0,0,0,0,0,0,0,0,0,0,0,0,0,0,1,1,0,0,0,1,0,0,0,0,0,0,0,0,0,0,0,0,0,0,1,1,1,1,0,0,0,1,0,0,0,0,0,0,0,0,0,0,0,1,0,1,0,0,0,0,0,0,0,0,0,0,1,0,0,0,0,0,0,0,0
1252247,201503,0001-0600,ZZZ.Airport,US,,,0.0,,VMC,10,,Daylight,12000,,,Personal,A-1 Husky,1.0,Part 91,VFR,Personal,,Landing,Visual Approach,,,,,,,,,,,,,,,,,,,,,,,,,,,,,,,,,,,,,,,,,,,,,,,,,,,,Aircraft X,Flight Deck,Personal,Single Pilot,Flight Crew Private,Flight Crew Last 90 Days 13; Flight Crew Total 135; Flight Crew Type 37,,Human-Machine Interface; Situational Awareness,,,1252247,,,,,,,,,,,Ground Event / Encounter Ground Strike - Aircraft; Inflight Event / Encounter Loss Of Aircraft Control,,,Person Flight Crew,In-flight,Aircraft Aircraft Damaged,Aircraft; Weather; Human Factors,Ambiguous,Touchdown on the numbers runway 32R. At the 200 ft mark of landing rollout; a sudden gust of wind from the left; lifted the left wing; and the right wing tip started scraping the pavement; inducing the start of a swerve to the left. Immediate left stick and right rudder were instituted; along with light feathering of left brake only because of weight removed from left tire. Left tire stayed in contact with pavement. Right wing raised after 70-75 feet; directional control reestablished with runway. No brakes were used once the rt. wing started lifting. When weight of plane was shifting back to both wheels the tail started to slowly raise. During the final 80 feet of rollout no brakes were used and as the aircraft lost momentum and rolled to a stop; the tail slowly raised (even with full back stick/elevator); and the aircraft slowly nosed over. No injuries of any kind to pilot. ATIS wind 320 @ 6kt. There is only 1 wind sock in the center of the airport. Light aircraft would benefit from windsocks near the end of the main runways at this class D airport.,,,,Husky pilot experiences a gust of wind during landing causing the left wing to lift and the right wing to drag and a left swerve. Directional control is regained but the aircraft slowly noses over with full aft stick and no brakes applied.,0,0,0,0,1,1,1,0,1,1,1,1,1,0,0,0,0,0,0,0,0,0,0,0,0,0,0,0,0,0,1,1,0,1,0,1,0,0,0,0,0,0,0,0,0,0,0,0,0,0,1,1,1,1,0,0,0,1,0,0,0,0,0,0,0,0,1,0,0,1,0,0,0,0,0,1,0,0,0,0,0,0,1,0,0,0,0,0,0,0,1
1252591,201504,1201-1800,ZZZ.Airport,US,,,,2400.0,VMC,10,,Daylight,12000,,Tower ZZZ,FBO,PA-28 Cherokee/Archer/Dakota/Pillan/Warrior,2.0,Part 91,,Training,,Initial Approach,Visual Approach,Class C ZZZ,,,,,,,,,,,,,,,,,,,,,,,Main Gear,,X,Failed,,,,,,,,,,,,,,,,,,,,,,,,,Aircraft X,Flight Deck,FBO,Trainee; Pilot Not Flying,Flight Crew Private,Flight Crew Last 90 Days 14; Flight Crew Total 125; Flight Crew Type 90,,,,,1252591,Aircraft X,Flight Deck,FBO,Pilot Flying; Instructor,Flight Crew Instrument; Flight Crew Commercial; Flight Crew Multiengine; Flight Crew Flight Instructor; Flight Crew Private,Flight Crew Last 90 Days 140; Flight Crew Total 995; Flight Crew Type 300,,Situational Awareness,,1252598.0,Aircraft Equipment Problem Critical; Ground Excursion Runway,,,Person Flight Crew,In-flight,Aircraft Aircraft Damaged; Flight Crew Landed in Emergency Condition,Aircraft,Aircraft,We did an in depth pre-flight of the aircraft prior to takeoff. [During] the taxi out; we felt no shakes or rattling of the gear on the airplane. We did our run up before takeoff and everything there seemed normal also. We took off normally and got vectored for our first practice approach. Upon intercepting the approach course we started the approach. Before we crossed the final approach fix we did our pre-landing checklist; upon putting the first notch of flaps in we heard a bang. My instructor then took the controls and dropped the flaps thinking it was a flap issue. We kept hearing the bang and looked out the right window of the cockpit to see our right main gear flapping in the wind and hitting the flap. My instructor [urgently notified] tower and took us in for a landing. He put it down on the runway and rode it out as far as he could on the two remaining wheels until we were yawed into the grass off the runway. The aircraft skidded and came to a stop in the grass.,,It was a typical instrument training flight and the plan was to simply stay in the area and do some practice approaches. The preflight; taxi; and takeoff were typical and uneventful and the plane appeared to be airworthy and ready for flight. However; while starting our pre-landing checklist right before reaching the FAF during the ILS we encountered a major problem. Once we were slow enough to put down 10 degrees of flaps my student and I heard a loud bang and I immediately took the controls and brought the flaps back up since it seemed like it may have been a problem with the flap system. The 'banging' sound continued and upon further inspection I noticed that the entire right main landing gear had disconnected from underneath the wing and was now banging into the bottom of the right flap as well as the right side of the fuselage. I immediately notified ATC. Once we were cleared to land I touched down on the left main gear and kept the plane on that one gear until all of the lift had dissipated. At this point the right wing started to drop towards the ground since the right gear was completely separated from the rest of the plane except for the few brake lines that were keeping it from disconnecting entirely. The airplane slid off the runway and into the grass where it came to a complete stop. No one was hurt and both ATC and the emergency response team commended me on a job well done of being able to safely land the airplane in the condition that it was in. I would have done nothing different in this situation and feel grateful that I was trained and prepared to deal with it when the time arose.,,PA28 instructor with student experience a loud bang when the first increment of flaps is selected during approach. The instructor takes control and retracts the flaps but the banging continues. It is then noticed that the right main gear is hanging by its brake line. The approach is continued to landing and the aircraft skids off the runway when the right wing can no longer be held up.,0,1,0,0,1,1,1,0,1,1,1,1,1,0,0,0,0,0,0,0,0,0,0,0,0,0,0,0,0,0,1,1,0,0,0,1,0,0,0,0,0,0,0,1,0,0,0,0,0,0,1,1,1,1,0,0,0,1,0,0,0,0,0,0,0,0,0,0,0,0,0,0,0,0,0,1,0,0,0,0,0,0,0,0,0,0,0,0,0,0,0
1253350,201503,1201-1800,ZZZ.Airport,US,,,0.0,,VMC,10,,,12000,,CTAF ZZZ,Personal,Baron 55/Cochise,1.0,Part 91,VFR,Personal,,Final Approach; Landing,Visual Approach,Class E ZZZ,,,,,,,,,,,,,,,,,,,,,,,,,,,,,,,,,,,,,,,,,,,,,,,,,,,Aircraft X,Flight Deck,Personal,Single Pilot; Pilot Flying,Flight Crew Commercial; Flight Crew Instrument; Flight Crew Multiengine,Flight Crew Last 90 Days 91; Flight Crew Total 5495; Flight Crew Type 2311,,Situational Awareness,,,1253350,,,,,,,,,,,Deviation / Discrepancy - Procedural Published Material / Policy; Ground Event / Encounter Ground Strike - Aircraft,Horizontal 3000; Vertical 500,,Person Flight Crew,In-flight,Aircraft Aircraft Damaged; Flight Crew Became Reoriented; Flight Crew Took Evasive Action,Human Factors,Human Factors,Cancelled IFR was on visual to Airport ZZZ left base for RWY XY; saw a 172 on final; and performed a go-around. Did a nonstandard right turn and flew outbound. Checked radio frequency and dialed in [Local CTAF]. Turned back to final and saw a Mooney. Turned back around to the right and flew outbound. I was on the radio but heard no one.  I got a call and told me to switch to [Local CTAF]. Apparently I had not pressed the button on the KX155 hard enough. I dialed [Local CTAF] in and landed.  During the second go-around I forgot to put the landing gear down. When I realized the wheels didn't touch; I powered up and heard the props vibrate. I rose to 5 or 6 feet and lowered the gear. Landing long on runway 32. I taxied to the ramp and shut down.  The last 3 or 4 inches of the blades were curled.,,,,BE55 pilot reported nearly landing with gear up and damaging the props in the process. He pulled up a few feet; extended the gear; and landed long.,0,0,0,0,1,1,1,0,1,1,1,1,1,0,0,0,0,0,0,0,0,0,0,0,0,0,0,0,0,0,1,1,0,1,0,1,0,0,0,0,0,0,0,0,0,0,0,0,0,0,1,1,1,1,0,0,0,1,0,0,0,0,0,0,0,0,0,0,0,1,0,0,0,0,0,0,0,0,0,0,0,0,1,0,0,0,0,0,0,0,0
1253756,201504,1201-1800,ZZZ.Airport,US,,,0.0,,,,,Daylight,,,Ramp ZZZ,Air Carrier,Q400,2.0,Part 121,IFR,Passenger,,Taxi,,,,,,,,,,,,,,,,,,,,,,,,,Nosewheel Steering,,X,Improperly Operated,,,,,,,,,,,,,,,,,,,,,,,,,Aircraft X,Flight Deck,Air Carrier,Pilot Flying; Captain,Flight Crew Air Transport Pilot (ATP),,,Confusion; Distraction; Troubleshooting; Situational Awareness,,,1253756,,,,,,,,,,,Aircraft Equipment Problem Less Severe; Deviation / Discrepancy - Procedural Published Material / Policy; Flight Deck / Cabin / Aircraft Event Other / Unknown; Ground Event / Encounter Other / Unknown,,,Person Ground Personnel; Person Flight Crew,Taxi,Aircraft Aircraft Damaged; Flight Crew Returned To Gate; General Maintenance Action; General Flight Cancelled / Delayed,Procedure; Human Factors; Aircraft,Human Factors,After pushback from the gate area- the tug operator had difficulty getting the tug to back away from the aircraft due to the angle between the tug and aircraft nose wheels. Eventually other tug operators assisted and after several attempts the aircraft and the tug would not separate due to the position of the nose wheel on the tug's ramp.The tug operator asked me to turn on the steering in order to turn the nose-wheel (this was to assist them with getting the tug separated) however I told them I could not do that with them standing there. Maintenance personnel arrived and via headphones asked me to turn on the steering and they assured me all ground people were clear of the aircraft.  The steering would not work.  The nose wheel was stuck or locked into one position and would not move.  After several attempts by maintenance the tug was able to back away from the aircraft however there was no steering.  The decision was made to return to gate using a tug.  However this did not work out because the nose wheel would not turn and eventually the sheer-pin for the tow-bar broke.  A second attempt to tow the aircraft (aft to a closer parking area) caused the second sheer-pin to break too.  At this time I told all personnel that we will put deplaning of passenger as the number one priority and only after the passengers leave will we resume dealing with the aircraft.  The Port did get a bus to us; all passengers and their bags were transported away from the aircraft and back to the terminal.  A third attempt to tow the aircraft; with just the crew onboard; was successful and the aircraft was parked at the gate.During this event the Flight Attendants kept the passengers informed; provided water and snacks; and coordinated getting everyone (in need) up to the bathroom. The First Officer provide excellent advice; PAs and his help was invaluable. I attempted to make several PAs too- in order to keep the passengers informed of our status.While I believed the nose-wheel steering system was selected to OFF during pushback; it appears that it was actually ON.  I suspect I am responsible for inadvertently turning on the system and not being aware.  This resulted in damage to the steering system. This is the only plausible reason; at this time; which I believe could cause this to happen.,,,,A Q400 Captain apparently left the nose wheel steering powered during pushback which resulted in the ground crew's inability to disconnect the tow bar. The aircraft returned to gate for maintenance.,0,0,1,0,1,1,1,0,1,1,1,1,1,0,0,0,0,0,0,0,0,0,0,0,0,0,0,0,0,0,1,1,0,0,0,1,0,0,1,0,0,0,0,0,0,0,0,0,0,0,1,1,1,1,0,0,0,1,0,0,0,0,0,1,1,0,0,0,0,1,0,0,1,0,0,1,0,0,0,0,0,0,1,0,0,0,0,1,0,0,0
1253886,201503,0601-1200,ZZZ.Airport,US,,,,,IMC,5,,Dawn,300,,Tower ZZZ,Corporate,Premier 1,2.0,Part 91,IFR,Passenger,,Takeoff / Launch,,,,,,,,,,,,,,,,,,,,,,,,,Main Gear Tire,,X,Failed,,,,,,,,,,,,,,,,,,,,,,,,,Aircraft X,Flight Deck,Corporate,Captain; Pilot Flying; Single Pilot,Flight Crew Air Transport Pilot (ATP); Flight Crew Flight Instructor; Flight Crew Multiengine; Flight Crew Instrument,Flight Crew Last 90 Days 104; Flight Crew Total 5004; Flight Crew Type 771,,Workload; Situational Awareness; Time Pressure,,,1253886,,,,,,,,,,,Aircraft Equipment Problem Critical; Ground Excursion Runway,,,Person Flight Crew,Taxi,Aircraft Aircraft Damaged; Flight Crew Rejected Takeoff; General Maintenance Action; General Evacuated,Aircraft,Aircraft,Tower clears me for IFR departure runway 9R. Taxi on runway for full length static departure. Aligned centerline applied brakes and slowly set takeoff power. Engine instruments checked; N1 matched ECU target power and brakes released. On the roll; aircraft accelerating; airspeed alive; 80 knots engines crosschecked good and approximately 102 KTS-105 KTS I felt a rough bump and heard a rumbling noise on the right side of jet. I knew immediately I had a right main tire failure. I simultaneously applied MAX brakes and pulled thrust to IDLE followed by deployment of speed brakes and transmitted to ATC 'XXX ABORTING.' With my main focus to slow the jet while maintaining directional control; the jet remained at high speed down the runway. ATC advised turnoff at Uniform Taxiway and I transmitted 'UNABLE.' The controller informed that Uniform was the end of the runway and I transmitted acknowledgement with 'WE ARE GOING OFF END.' Approaching the final third of the runway; I knew with the speed and energy the jet was moving; that there was not going to be sufficient pavement to stop. The final 500-800 feet of available pavement; I applied the Emergency brake as last efforts to stop. There was no change in deceleration compared to the normal braking used. An estimated 30-40 KTS passing the departure end of Runway 9R onto the grass; I Continued to hold maximum back pressure on the control yolk to relief as much weight to nose wheel to prevent the jets nose gear from collapsing on the grass. I maintained directional control and the nose of the aircraft remained plus/minus 20 degrees from extended runway centerline from takeoff to final stop. The jet came to an abrupt stop approximately 200-300feet beyond the pavement; onto the grass. I immediately turned avionics off and moved the thrust levers to CUTOFF. With a close eye on the engines spool down; I DID NOT notice any unusual engine spool down indication. I turned the battery off and immediately called the control tower and advised them we were safe and experienced no injuries. I opened the cabin door and performed a brief post flight walk around. As I came to the aft maintenance bay; I opened the door and confirmed no lights on the ECUs; Oil or Hydraulic bulbs. I unplugged the battery and continued the post flight walk around. I specifically inspected each engine inlet casing and confirmed NO debris or FOD in or around the engine inlet. I installed the engine inlet and exhaust covers and exited the airplane. The wings or fuselage never contacted any part of the terrain. After securing the aircraft I initiated a call to my mechanic.,,,,A Premier 1 (RA390) tire failed during takeoff. Due to the high speed reject; the pilot was unable to stop on the runway. The aircraft sustained little to no damage in the grass after the pilot successfully protected the nose gear.,0,1,0,0,1,1,1,0,1,1,1,1,1,0,0,0,0,0,0,0,0,0,0,0,0,0,0,0,0,0,1,1,0,0,0,1,0,0,0,0,0,0,0,1,0,0,0,0,0,0,1,1,1,1,0,0,0,1,0,0,0,0,0,0,0,0,0,0,0,1,1,0,0,1,0,1,0,0,0,0,0,0,0,0,0,0,0,0,0,0,0
1253887,201504,,ZZZ.Airport,US,,,0.0,,,,,,,,Ramp ZZZ,Air Carrier,A320,2.0,Part 121,IFR,Passenger,,Parked,,,,,,,,,,,,,,,,,,,,,,,,,,,,,,,,,,,,,,,,,,,,,,,,,,,,,Aircraft X,Flight Deck,Air Carrier,Captain,Flight Crew Air Transport Pilot (ATP),,,Situational Awareness; Troubleshooting; Training / Qualification; Communication Breakdown,Party1 Flight Crew; Party2 Flight Crew,,1253887,,,,,,,,,,,Deviation / Discrepancy - Procedural Maintenance; Deviation / Discrepancy - Procedural Published Material / Policy; Inflight Event / Encounter Weather / Turbulence,,,Person Flight Attendant; Person Flight Crew,In-flight,Aircraft Aircraft Damaged; General Flight Cancelled / Delayed; General Maintenance Action,Human Factors; Procedure; Weather,Weather,I arrived at my aircraft that was deplaning. I stepped into the aircraft to put my bag in the cockpit. Walked out and the Lead Flight Attendant said do you know the aircraft was hit by lightning twice going into the previous station? I turned and asked the first officer that was still there and he confirmed that it had been hit twice. The captain of the flight had already left and maintenance was doing a full inspection of the aircraft. I asked the first officer if they had it inspected after the strike and he said no. He then told me that the other captain did talk to maintenance. The other captain came back to the aircraft only to get his water bottle that he had left behind. He heard us talking about the lightning strike and said he didn't want to delay the flight five hours by getting inspection in an out station. He then left without offering to write the aircraft up or make sure the aircraft was ok for service. I told the first officer that I would not accept the aircraft unless it was written up and signed off by maintenance. He agreed to do so and tried calling the other captain but got voicemail. As he was writing the aircraft up for possible lightning strike the other captain appeared in the cockpit. The other captain questioned why the aircraft needed to be written up and I told him the aircraft should have been written up at the station after it was hit. His next comment was what if I had never told you? I looked at him and said that you didn't tell me the Lead Flight Attendant told me. He started to argue with me and I told him to leave my aircraft and that I was calling the assistant chief pilot. I called him and told him what was going on and he completely agreed with me. What is really bothersome is that this other captain complete disregard for safety and fellow crew members. There were signs of a possible lightning strike on the radome on captain side of the nose and a very large round area that was just above that. Maintenance told me that was just paint peeling away but I really don't believe them. I do believe that the other captain called maintenance in the previous station and they told him to bring the aircraft back. Proper procedures are to call your dispatcher and then they connect you with maintenance control. The other crew did say they did a walk around of the aircraft there which is not for crew members to decide if the aircraft is safe for flight. There are station notes in that captain delayed boarding for possible lightning strike.,,,,An A320 was hit by lightning prior to landing at the previous station but the Captain failed to have an inspection. On arrival at the next airport; the Lead Flight Attendant informed the oncoming Captain about the strike and no inspection. The previous Captain returned and had words.,0,0,0,0,1,1,1,0,1,1,1,1,1,0,0,0,0,0,0,0,0,0,0,0,0,0,0,0,0,0,1,1,0,0,0,1,0,0,0,0,0,0,0,0,0,0,0,0,0,0,1,1,1,1,0,0,0,1,0,1,0,0,1,0,0,0,0,0,0,1,0,1,1,0,0,0,0,0,0,0,0,0,1,0,0,0,0,1,0,0,1
1254113,201504,1201-1800,ZZZ.Airport,US,,,0.0,,IMC,4,,Daylight,500,,,Air Carrier,A300,2.0,Part 121,IFR,Cargo / Freight / Delivery,,Takeoff / Launch,,,,,,,,,,,,,,,,,,,,,,,,,,,,,,,,,,,,,,,,,,,,,,,,,,,,,Aircraft X,Flight Deck,Air Carrier,Captain; Pilot Flying,,,,Situational Awareness,,,1254113,Aircraft X,Flight Deck,,First Officer; Pilot Not Flying,,Flight Crew Last 90 Days 140; Flight Crew Total 9730; Flight Crew Type 4055,,,,1254116.0,Aircraft Equipment Problem Less Severe; Inflight Event / Encounter Bird / Animal,,,Person Other Person; Person Flight Crew,In-flight,Air Traffic Control Issued Advisory / Alert; Aircraft Aircraft Damaged; Flight Crew Returned To Departure Airport; Flight Crew Landed As Precaution; General Maintenance Action,Environment - Non Weather Related,Environment - Non Weather Related,Captain was pilot flying and First Officer (FO) Pilot Monitoring (PM). We were cleared to takeoff with an initial heading of 270 and a climb to 5;000 feet. Due to gusty winds and convective activity in the area; a Takeoff Go Around (TOGA) thrust takeoff was performed. As the aircraft approached V1 I saw a large bird moving right to left just under the nose. I announced bird. Then we heard an impact noise and bang; which was felt on the floor and rudder pedals. At the time of impact the aircraft had passed V1 so I continued the takeoff. At this time I believed the bird had struck the nose gear and exited down the left side and possibly into the left engine. I paused for a second about retracting the landing gear due to possible damage to the nose gear; but felt the possible engine damage was the biggest threat at the time and called for gear up and remained on runway heading. Engine parameters in the initial climb seemed normal. FO asked if I wanted 270 HDG. Since all engines seemed to be normal I requested heading select to continue the departure. FO informed the Tower of the bird strike and indicated that we needed no assistance at this time and switched to departure frequency. We cleaned the aircraft up on schedule and performed an after takeoff checklist. Departure control issued a climb to 10;000 feet. Due to fact this was such a large bird and large impact; I felt we needed more time to evaluate damage before continuing. So; I asked my FO to request a present position hold just west of the airfield. We entered the hold and leveled at 10;000 feet. I requested my FO to initiate a call to Dispatch. He was unable to connect after two attempts; so I requested ATC to call the company and have them SELCAL us and sent a message on ACARS. I transferred controls to the FO and began talking to Dispatch and maintenance about the bird strike and formulating a plan. I indicated to flight control I felt the impact was significant enough to warrant a precautionary return to inspect for damage before continuing. Dispatcher agreed and was in the middle of issuing a release for the return when my FO informed me that ATC had advised him that a company aircraft had reported a fire from the tailpipe of the left engine on takeoff. At this time I realized that the loud band that was felt in the rudder pedals was probably a compressor stall of the left engine due to bird ingestion. I briefly discussed our situation with my FO an agreed we should declare an emergency and have the emergency equipment standing by on our return in the event we needed their assistance. I chose not to shut down the left engine at this time due to no fire indication or abnormal engine indication. I informed Dispatch I was declaring an emergency and returning due to the reported left engine fire on takeoff and possible nose gear damage. The FO transferred controls back to me; Capt. Pilot flying and FO pilot monitoring. I [notified the situation to] ATC and requested an ILS. ATC gave us vectoring and descent for the return. During the approach briefing the FO suggested a flaps 20 landing due to possibility of left engine failure. I agreed that was a good idea and the FO checked minimum landing field length tables for flaps 20 landing. FO reminded me to select GPWS to 15/20 flaps; 'Good Catch'. We performed an approach checklist.  Due to the 10;000 Ft. hold close to the airfield; I called for the gear down early. We intercepted the LOC and glideslope (G/S). Despite my efforts to slow and descend; we were not fully configured and still fast on the approach just outside the FAF. I elected to discontinue the approach at the initial approach altitude of 2500 feet. I announced discontinued approach and selected ALT hold. We requested and received a 360 an intercepted the ILS a second time fully configured and on speed before the FAF. The remainder of the approach was uneventfully. On touchdown I lowered the nose gear gently to the runway. During rollout steering andcontrol seemed normal. We taxied back to the ramp followed by emergency vehicles. A logbook entry was made in reference to the bird strike.,,Just after V1 we hit a hawk. We thought initially that we had hit it with the nose wheel. On climb out the Captain elected to set up a hold to ensure that everything was working properly. While in the hold another aircraft; through Departure reported that they saw fire come out of the left engine when we took off. At that point we elected to return [to departure airport]. Even though we had no abnormal indications on any of the engine instruments; we looked up the 20 flap landing data and prepared for a 20 flap approach just in case any problems developed on that engine. The runway was dry and we had plenty of runway so this posed no problem. The captain made an uneventful landing and taxied the aircraft to parking. They recovered the bird parts from the runway and informed us is was a Red Tailed Hawk. The left engine cowl had a dent on the inboard side and the mechanic said 3 of the fan blades were bent.,,A300 flight crew experiences a bird strike on takeoff that seems to be in the nose gear area. Holding is initiated to contact Maintenance and ATC informs that another crew saw fire from the left engine at rotation. The crew elects to return to the departure airport where three bent fan blades are discovered by Maintenance.,0,0,1,0,1,1,1,0,1,1,1,1,1,0,0,0,0,0,0,0,0,0,0,0,0,0,0,0,0,0,1,1,0,0,0,1,0,0,0,0,0,0,0,0,0,0,0,0,0,1,1,1,1,1,0,0,0,1,0,0,0,0,0,0,0,0,0,0,0,1,0,0,0,0,0,0,0,0,0,0,1,0,0,0,0,0,0,0,0,0,0
1254751,201504,0601-1200,ZZZ.Airport,US,,,0.0,,VMC,,,Daylight,,,Tower ZZZ,Personal,Small Aircraft; Low Wing; 1 Eng; Fixed Gear,1.0,Part 91,,,,Takeoff / Launch,,,,,,,,,,,,,,,,,,,,,,,,,Gust Lock,,X,Improperly Operated,,,,,,,,,,,,,,,,,,,,,,,,,Aircraft X,Flight Deck,Personal,Pilot Flying; Single Pilot,Flight Crew Air Transport Pilot (ATP),,,Distraction; Situational Awareness,,,1254751,,,,,,,,,,,Aircraft Equipment Problem Less Severe; Deviation / Discrepancy - Procedural Published Material / Policy; Ground Event / Encounter Ground Strike - Aircraft,,,Person Flight Crew,In-flight,Aircraft Aircraft Damaged; Flight Crew Rejected Takeoff,Human Factors; Weather,Human Factors,Had issues starting engine at hangar. Reinstalled gust locks to check condition of batteries. Batteries checked ok; re-entered airplane; attempted successful start of engine and had good systems checks. Shut down; re-closed hangar; re-entered airplane; re-started and taxied to runup area. Again good checks. Took runway with 17 knots gusting to 28 headwinds and applied power.At 40 knots aborted takeoff because gust locks were still installed. At power reduction; encountered gust and aircraft attempted to lift off. With control stick motion restricted; the airplane porpoised and when nose gear hit runway; the nose wheel broke off nose strut. Propeller impacted the runway and shattered.Evacuated the airplane after a call to tower. Tower had advised that fluid was leaking from the belly. I returned and found that tank drain was partially open; probably from nose wheel touching it in passing. Made verbal reports to NTSB and airport OPS. Towed aircraft to hangar with assistance from FBO Lectro Tug. At hangar gave statement to FAA.Distraction from starting issues started the sequence. Re-secured gust locks before successfully starting engine. Windy conditions necessitated use of gust locks unless controls firmly in hand/foot. Did not complete standard pre-departure brief the second time after the interruption. Pilot error.,,,,After engine starting issues at the hangar the gust locks are re installed during trouble shooting by the pilot of a small aircraft. The second start attempt is successful but the gust locks are forgotten about until 40 knots in the takeoff roll and the takeoff is rejected. With limited elevator control porpoising commences and cannot be controlled. The nose gear separates and the propeller contacts the runway.,0,0,1,0,1,1,1,0,1,1,1,1,1,0,0,0,0,0,0,0,0,0,0,0,0,0,0,0,0,0,1,1,0,1,0,1,0,0,0,0,0,0,0,0,0,0,0,0,0,0,1,1,1,1,0,0,0,1,0,0,0,0,0,0,1,0,0,0,0,1,0,0,0,0,0,0,0,0,0,0,0,0,1,0,0,0,0,0,0,0,1
1255041,201504,0601-1200,ZZZ.Airport,US,,,0.0,,VMC,10,,Daylight,12000,,CTAF ZZZ,Personal,Cardinal 177/177RG,1.0,Part 91,VFR,Personal,,Landing,Visual Approach,,,,,,,,,,,,,,,,,,,,,,,,,,,,,,,,,,,,,,,,,,,,,,,,,,,,Aircraft X,Flight Deck,Personal,Pilot Flying; Single Pilot,Flight Crew Private,Flight Crew Last 90 Days 24; Flight Crew Total 120; Flight Crew Type 60,,Training / Qualification; Situational Awareness,,,1255041,,,,,,,,,,,Ground Event / Encounter Object; Inflight Event / Encounter Loss Of Aircraft Control; Inflight Event / Encounter Object,,,Person Flight Crew,In-flight,Aircraft Aircraft Damaged; Flight Crew Executed Go Around / Missed Approach; Flight Crew Took Evasive Action,Human Factors; Procedure; Weather,Weather,During landing on runway 34; my aircraft was weathervaned by shifting wind conditions after touchdown and began to depart the runway to the right. I immediately initiated a go-around; but clipped a runway exit sign just as I became airborne.  I announced my go-around and requested ground observation of my undercarriage as I returned for a low pass.  Ground observers reported no visible damage; so I returned for an uneventful landing.  Upon visual inspection on the ground; I discovered a small �? inch puncture in the aircraft skin about midway and just below the passenger door.  It is in a non structural area.  The airport manager indicated that the sign was designed to break away on impact and it did so.,,,,A C177 landed in a crosswind and weathervaned toward the runway edge. The pilot then executed a go-around but struck a runway sign causing a small skin puncture below the passenger door.,0,0,0,0,1,1,1,0,1,1,1,1,1,0,0,0,0,0,0,0,0,0,0,0,0,0,0,0,0,0,1,1,0,0,0,1,0,1,0,0,0,0,0,0,0,0,0,0,0,0,1,1,1,1,1,0,0,1,0,0,0,0,0,0,0,0,0,0,0,1,0,1,0,0,0,0,0,0,0,0,0,0,1,0,0,0,0,1,0,0,1
1255203,201504,1201-1800,ZZZ.ARTCC,US,,,,26000.0,VMC,,,Daylight,,,Center ZZZ,Air Carrier,EMB ERJ 145 ER/LR,2.0,Part 121,IFR,Passenger,FMS Or FMC,Climb,,Class A ZZZ,,,,,,,,,,,,,,,,,,,,,,,,,,,,,,,,,,,,,,,,,,,,,,,,,,,Aircraft X,Flight Deck,Air Carrier,Pilot Flying; First Officer,Flight Crew Air Transport Pilot (ATP),Flight Crew Total 2000,,Workload; Time Pressure; Situational Awareness,,,1255203,Aircraft X,Flight Deck,Air Carrier,Captain; Pilot Not Flying,Flight Crew Air Transport Pilot (ATP),,,Workload; Time Pressure; Situational Awareness,,1255204.0,Aircraft Equipment Problem Critical,,,Person Flight Crew,In-flight,Aircraft Aircraft Damaged; Flight Crew Landed in Emergency Condition; Flight Crew Diverted; Flight Crew Took Evasive Action; General Maintenance Action,Aircraft,Aircraft,As we climbed through 26000 feet we noticed a violent shaking of the flight controls and a sound of increased drag underneath the forward section of the aircraft. We disengaged the autopilot and it seemed as though the shaking increased. We informed ATC that we would like to stop the climb and informed them of our situation. They assigned us 24;000 feet and then 18;000 feet and informed us that the nearest airport was off of our right wing. We told them we want to divert there. At this time; as the work load increased; the Captain took the controls and I took the radios and checklists. As we turned toward the airport we informed the Flight Attendant (FA) of the situation and the actions we were taking were a precautionary measure. ATC vectored us to the final for [the] runway and as we ran checklists coming through 10;000 feet we informed the passengers that we would be making a precautionary landing due to abnormalities in the cockpit. The landing was uneventful but we were roughly 700 lbs overweight with a smooth touchdown <300 feet per min. After parking the Captain informed the passengers to please stay seated as he coordinated with the company on the events that were to follow.,The reporter stated that a Mechanic examined the aircraft and then accompanied the crew on the ferry flight to a Maintenance Station. The flight was limited to 10;000 feet at slower than climb speed but the vibration was not reproduced. The closest sensation the reporter could describe was that a gear door opened and stayed open. But; during landing when the gear come down; he had not felt a vibration that severe. He was not saying the anomaly was a gear door; he was just describing the sensation but as of this date does not have any additional information about the cause.,[Report narrative contained no additional information].,,An EMB-145 developed a violent shake with a thumping sound during climb at FL260; so the flight diverted to a nearby airport.,0,1,0,0,1,1,1,0,1,1,1,1,1,0,0,0,0,0,0,0,0,0,0,0,0,0,0,0,0,0,1,1,0,0,0,1,0,0,0,0,0,0,0,0,0,0,0,0,0,0,1,1,1,1,0,0,0,1,0,0,0,0,0,0,0,0,0,0,0,1,1,0,0,1,0,1,0,0,0,0,0,0,0,0,0,0,0,0,0,0,0
1255623,201504,1201-1800,ZZZ.Airport,US,,0.0,,,VMC,Windshear; 10,,Daylight,10000,,Tower ZZZ,Personal,Small Aircraft; Low Wing; 1 Eng; Retractable Gear,1.0,Part 91,IFR,Personal,,Landing,Visual Approach,,,,,,,,,,,,,,,,,,,,,,,,,,,,,,,,,,,,,,,,,,,,,,,,,,,,Aircraft X,Flight Deck,Personal,Single Pilot,Flight Crew Instrument; Flight Crew Private,Flight Crew Last 90 Days 75; Flight Crew Total 625; Flight Crew Type 375,,Distraction; Situational Awareness; Time Pressure; Workload,,,1255623,,,,,,,,,,,Deviation / Discrepancy - Procedural Published Material / Policy; Ground Event / Encounter Ground Strike - Aircraft; Ground Event / Encounter Object; Inflight Event / Encounter Loss Of Aircraft Control; Inflight Event / Encounter Object; Inflight Event / Encounter Weather / Turbulence,,,Person Flight Crew,In-flight,Aircraft Aircraft Damaged; Flight Crew Executed Go Around / Missed Approach; Flight Crew Regained Aircraft Control; Flight Crew Took Evasive Action; General Maintenance Action,Procedure; Weather,Weather,I sustained some flap damage (left side flap) on a go-around at my home airport after being hit with some wind shear/gust during my initial landing attempt.  I was returning. The tower said the wind was oscillating from 290 degrees to 360 degrees. There was low level wind shear TAF had gusts expected from 8-25 kts. Tower didn't respond to my wind check request on short final but the wind sock at that time indicated a headwind quartering from about 45 degrees left. In full landing configuration; at landing speed; just before my initial touchdown I was hit with the first big shear/gust that picked the plane up several feet and then immediately dropped it back down to the pavement. The plane bounced; much higher than I have ever experienced. That was followed immediately by another gust that did the same even as I added in a small bit of power to settle the descent rate. After the second big bounce I initiated a go-around; to avoid the risk of a prop strike; as is always taught in [this kind of aircraft]. I was hit with a hard third gust from 90 degrees to the left that pushed the plane off the edge of the runway on the right side. I was below stall speed in ground effect; and therefore was unable to risk dropping the left wing to try to return to centerline (where I had been otherwise); or I would have stalled for sure; even in ground effect. I had full power in and just kept my heading; immediately retracting the gear to help gain speed and altitude. Flaps were still full and I was still barely above the ground; and my left flap clipped a runway sign; knocking over the sign and my left flap.  I successfully did a go-around despite the damaged flap and landed; and exited the runway without further incident. There was also a slight tail strike which appears to have only bent and somewhat sheared/filed down the tail tie down ring. There was no personal injury or any other property damage.,,,,A GA pilot attempted to land at his home airport in gusty conditions; but after a bounced landing attempted a go-around then struck a runway sign as the aircraft struggled out of ground effect. A flap was damaged on the go-around.,0,0,0,0,1,1,1,0,1,1,1,1,1,0,0,0,0,0,0,0,0,0,0,0,0,0,0,0,0,0,1,1,0,1,0,1,0,1,0,0,0,0,0,0,0,0,0,0,0,0,1,1,1,1,1,0,0,1,0,1,0,0,0,0,1,0,0,0,0,1,1,0,0,1,0,0,0,0,0,0,0,0,0,0,0,0,0,1,0,0,1
1255669,201504,1201-1800,ZZZ.Airport,US,,,,960.0,,,,,,,,Personal,Skyhawk 172/Cutlass 172,1.0,,,Personal,,Landing,Visual Approach,Class G ZZZ,,,,,,,,,,,,,,,,,,,,,,,,,,,,,,,,,,,,,,,,,,,,,,,,,,,Aircraft X,Flight Deck,Personal,Single Pilot,Flight Crew Private,Flight Crew Last 90 Days 20; Flight Crew Type 1500,,Human-Machine Interface,,,1255669,,,,,,,,,,,Ground Event / Encounter Ground Strike - Aircraft; Ground Excursion Runway; Inflight Event / Encounter Loss Of Aircraft Control,,,Person Flight Crew,In-flight,Aircraft Aircraft Damaged,Airport; Weather; Human Factors,Ambiguous,Direct cross wind from the east @ 8MPH gusting to 18 MPH. After touchdown and roll out; crosswind pushed aircraft off of grass runway westward. Right main stuck in soft berm and aircraft stood on nose. A few seconds later the wind pushed the aircraft over on its back. No injuries occurred. Aircraft damage to be assessed.,,,,C172 pilot; landing in a direct crosswind on a grass runway; experiences a runway excursion. The berm is soft and the aircraft noses over ending up on its back.,0,0,0,0,1,1,1,0,1,1,1,1,1,0,0,0,0,0,0,0,0,0,0,0,0,0,0,0,0,0,1,1,0,1,0,1,0,0,0,0,0,0,0,1,0,0,0,0,0,0,1,1,1,1,0,0,0,1,0,0,0,0,0,0,0,0,1,0,0,0,0,0,0,0,0,0,1,0,0,0,0,0,1,0,0,0,0,0,0,0,1
1255934,201504,1201-1800,ZZZ.Airport,US,,,0.0,,VMC,7,,Daylight,4000,,CTAF ZZZ,FBO,Duchess 76,1.0,Part 91,VFR,Personal,,Landing,Direct; Visual Approach,,,,,,,,,,,,,,,,,,,,,,,,Landing Gear,,X,Improperly Operated,,,,,,,,,,,,,,,,,,,,,,,,,Aircraft X,Flight Deck,FBO,Single Pilot,Flight Crew Flight Instructor; Flight Crew Multiengine; Flight Crew Instrument; Flight Crew Commercial,Flight Crew Last 90 Days 10; Flight Crew Total 1240,,Confusion; Distraction; Situational Awareness; Workload,,,1255934,,,,,,,,,,,Deviation / Discrepancy - Procedural Published Material / Policy; Ground Event / Encounter Gear Up Landing,,,Person Flight Crew,In-flight,Aircraft Aircraft Damaged; Flight Crew Executed Go Around / Missed Approach; Flight Crew Took Evasive Action; General Maintenance Action,Human Factors,Human Factors,I was on a straight-in final approach and the gear warning horn sounded because I had pulled the throttles back. That prompted me to perform the before landing checklist 2 miles from the airport and I vocalized it as I performed it; including 'gear; down.' The approach was not ideal and I was concentrating on correcting the slope and speed all the way down and forgot to verify the checklist. It got to the runway and I heard a scrape; then the gear warning horn and realized the gear had not come down and thought I hit the belly. I initiated a go-around; and am 80% sure I recycled the gear; left them down and landed the plane safely. On the ground; after engine shutdown; was when I noticed the propellers were bent. No further damage was observed in the post flight inspection.,,,,A BE-76 pilot executed a go-around when he realized the aircraft was touching down without the landing gear extended. Propeller damage was seen after landing.,0,0,0,0,1,1,1,0,1,1,1,1,1,0,0,0,0,0,0,0,0,0,0,0,0,0,0,0,0,0,1,1,0,0,0,1,0,0,0,0,0,0,0,0,0,0,0,0,0,0,1,1,1,1,0,0,0,1,0,0,0,0,0,1,1,0,0,0,0,1,0,0,0,1,0,0,0,0,0,0,0,0,1,0,0,0,0,0,0,0,0
1255979,201504,1201-1800,ZZZ.Airport,US,,,0.0,,VMC,,,Daylight,,,UNICOM ZZZ,Personal,Extra 200/300 Series,1.0,Part 91,,Personal,,Taxi,,,,,,,,,,,,,,,,,,,,,,,,,,,,,UNICOM ZZZ,Personal,Any Unknown or Unlisted Aircraft Manufacturer,1.0,Part 91,,,,Taxi,,,,,,,,,,,,,,,,Aircraft X,Flight Deck,Personal,Captain,Flight Crew Instrument; Flight Crew Multiengine; Flight Crew Air Transport Pilot (ATP); Flight Crew Commercial; Flight Crew Flight Instructor,Flight Crew Last 90 Days 100; Flight Crew Total 16000; Flight Crew Type 10,,Communication Breakdown; Situational Awareness,Party1 Flight Crew; Party2 Flight Crew,,1255979,,,,,,,,,,,Conflict Ground Conflict; Critical; Ground Event / Encounter Aircraft,,,Person Flight Crew,Taxi,Aircraft Aircraft Damaged; Flight Crew Became Reoriented,Aircraft; Human Factors,Human Factors,While taxiing North on 'A' started left to right 'S' turns and impacted southbound taxing aircraft. Left side & prop on both aircraft. I did not see southbound traffic. Had made a call on UNICOM of taxi north on 'A'; he stated he saw me coming 'S' turning; then he stopped in the taxiway; I continued 'S' turns and did not see him.,,,,An EA300 pilot; making 'S' turns; experiences a ground collision with another aircraft that had stopped on the taxiway facing the opposite direction.,0,0,0,0,1,1,1,0,1,1,1,1,1,0,0,0,0,0,0,0,0,0,0,0,0,0,0,0,1,0,1,1,0,0,0,1,0,0,0,0,0,0,0,0,0,0,0,0,0,0,1,1,1,1,0,0,0,1,0,0,0,0,1,0,0,0,0,0,0,1,0,0,0,0,0,1,0,0,0,0,0,0,1,0,0,0,0,0,0,0,0
1256498,201504,0001-0600,ZZZ.Airport,US,,,0.0,,,,,Dawn,,,,Air Carrier,B757-200,,Part 121,,Cargo / Freight / Delivery,,Parked,,,N,,N,,Scheduled Maintenance,Work Cards,,,,,,,,,,,,,,,,,Electrical Wiring & Connectors,Boeing,X,Malfunctioning,,,,,,,,,,,,,,,,,,,,,,,,,Hangar / Base,Other Electronics Equipment Bay,Air Carrier,Technician,Maintenance Powerplant; Maintenance Airframe,,,Other / Unknown; Training / Qualification,,,1256498,,,,,,,,,,,Aircraft Equipment Problem Critical; Flight Deck / Cabin / Aircraft Event Smoke / Fire / Fumes / Odor,,N,Person Maintenance,Routine Inspection,Aircraft Aircraft Damaged; General Maintenance Action,Procedure; Aircraft; Chart Or Publication; Human Factors,Human Factors,The event took place two hours prior to end of shift [before dawn]. I was working alone. I was working a task card to clean the main aircraft battery charger rack and APU battery charger rack. I started with the Main Battery Charger. Power was off of the aircraft. I pulled the [C/B] breakers for the main and APU battery chargers. I went into the forward E/E Bay with cleaning rags and my tools. After disconnecting the main battery charger; I was removing the charger from the shelf and it arced. The rags caught on fire and very quickly the insulations blankets. I got out of the E/E Bay and yelled to a coworker to call the fire department. I ran up the stairs to the plane and got one of the on-board fire extinguishers. I went back to the E/E Bay and extinguished the fire. After the event I went for medical treatment.,,,,An Aircraft Maintenance Technician (AMT) reports about a Main Battery Charger that arced during removal for cleaning of the battery charger shelf in the E/E Bay; on a B757-200 aircraft. Power was off the aircraft and C/Bs for Main and APU battery chargers were pulled. The arc caused the cleaning rags and insulation blankets to catch on fire. Technician acquired an onboard fire extinguisher and extinguished the fire.,0,1,0,0,1,1,1,0,1,1,1,1,1,0,0,0,0,0,0,0,0,0,0,0,0,0,0,1,0,0,1,1,0,0,0,1,0,0,0,0,0,0,0,0,0,0,0,0,0,0,1,1,1,1,0,0,0,1,0,0,0,0,0,0,0,0,0,1,0,0,0,1,0,0,0,1,0,0,1,0,0,0,1,0,0,0,0,1,0,0,0
1256526,201504,1201-1800,ZZZ.Airport,US,,,0.0,,VMC,Windshear; 10,,Daylight,8000,,CTAF ZZZ,Personal,Amateur/Home Built/Experimental,1.0,Part 91,,Personal,,Landing,Direct,Class E ZZZ,,,,,,,,,,,,,,,,,,,,,,,,,,,,,,,,,,,,,,,,,,,,,,,,,,,Aircraft X,Flight Deck,Personal,Single Pilot,,Flight Crew Last 90 Days 6; Flight Crew Total 800; Flight Crew Type 358,,Training / Qualification; Situational Awareness; Workload,,,1256526,,,,,,,,,,,Aircraft Equipment Problem Less Severe; Deviation / Discrepancy - Procedural Published Material / Policy; Ground Event / Encounter Ground Strike - Aircraft; Inflight Event / Encounter Loss Of Aircraft Control; Inflight Event / Encounter Weather / Turbulence,,,Person Flight Crew,In-flight,Aircraft Aircraft Damaged; General Maintenance Action,Weather; Human Factors,Human Factors,This was the first time the pilot landed at this location. The pilot noticed earlier in the day that the right rudder was frayed. Although the pilot was accustomed to flying from the right side; he switched to the left to avoid any potential rudder pedal cable failures. Pilot was on short final when he reacted to a sudden wind shear. Pilot reacted improperly on the controls; confusing left with right side operation. The aircraft impacted hard bouncing once. The landing gear partially collapsed. The propeller struck the runway and both blades broke in half. There was no physical runway damage. After the aircraft stopped the pilot; unhurt; removed the debris from the runway and rolled the aircraft to a tie down and secured with rope.Preventative measures would have been to get more acclimatization with the not-usual side in more benign weather conditions and more familiar airports.,The reporter stated that his visual perception and muscle movements were inappropriate for piloting his aircraft from the right seat. The windshear was not excessive; his response to the aircraft's movement was insufficient to deal with the aircraft's state.,,,A Pipistrel Virus pilot decided to fly his aircraft from the right seat because a left seat frayed right rudder cable. During his first right seat landing he reacted improperly to a wind gust; lost control of the aircraft and damaged the landing gear and propeller.,0,0,1,0,1,1,1,0,1,1,1,1,1,0,0,0,0,0,0,0,0,0,0,0,0,0,0,0,0,0,1,1,0,1,0,1,0,0,0,0,0,0,0,0,0,0,0,0,0,0,1,1,1,1,0,0,0,1,0,1,0,0,0,0,0,0,0,0,0,1,0,1,0,1,0,0,0,0,0,0,0,0,1,0,0,0,0,0,0,0,1
1257071,201504,0001-0600,ZZZ.Airport,US,,,,100.0,VMC,,,Daylight,,,Tower ZZZ,Air Carrier,A319,2.0,Part 121,IFR,Passenger,,Takeoff / Launch,,Class C ZZZ,,,,,,,,,,,,,,,,,,,,,,,Main Gear Door,,X,Malfunctioning,,,,,,,,,,,,,,,,,,,,,,,,,Aircraft X,Flight Deck,Air Carrier,Captain; Pilot Flying,Flight Crew Air Transport Pilot (ATP),,,Situational Awareness,,,1257071,,,,,,,,,,,Aircraft Equipment Problem Less Severe; Flight Deck / Cabin / Aircraft Event Smoke / Fire / Fumes / Odor; Inflight Event / Encounter Bird / Animal,,,Automation Aircraft Other Automation; Person Flight Crew,In-flight,Aircraft Aircraft Damaged; Flight Crew Landed As Precaution; Flight Crew Returned To Departure Airport,Environment - Non Weather Related,Environment - Non Weather Related,Just after Vr two Canadian Geese came up off the grass on the left side of the runway and flew across the runway. As we broke ground I pulled up to try and avoid them but they impacted the right engine and right main landing gear. There were two very large bangs which I think were compressor stalls from the right engine. We retracted the gear and got a L/G LGCIU FAULT ECAM message. We reported to the Tower Controller that we had hit two Geese but were not sure if they had gone through the engine. The controller said that they had seen fire out of the right engine and asked our intentions. I asked the F/O (First Officer) to put the gear down to see if it would come down ok. We got three down green light on both the gear lights and the ECAM but the ECAM was showing closed but amber door indications. We told tower that we would like to return for a landing on runway 14 considering the possible debris on [other runway.] I continued to fly the aircraft and asked the First Officer to preform ECAM actions. He stated that there were no ECAM actions and the follow up was Crew Awareness. I asked the F/O to call Operations and ask them to get Dispatch in the loop and that we were returning. While he was talking to Operations I told him I would talk to the F/A (Flight Attendant) and the passengers. I called the F/A and explained to them what had happened and that I would make a P/A to the passengers. The F/A said that they could smell a burning smell. I told them that most likely it was from the bird going through the engine. I made a P/A explained what had happened and assured the passengers that all was ok and that we would be returning for landing and that it would be a normal landing.We also got a momentary HYD ECAM which went away. We checked the HYD page and all looked normal. Being we were under max landing weight and we had several ECAMs come up and go away I made the decision to land without flying around to talk to Dispatch or determine all the damage. We had three gears down and locked and both engines running so I determined that the safest course of action was to get the aircraft back on the ground so the passenger anguish would be as short as possible.  We accomplished a before landing checklist and made a visual approach to runway 14 and landed without incident. After clearing the runway we stopped on the taxiway and asked the CFR (Crash Fire Rescue) crew if they would inspect the aircraft and make sure they saw no fire or anything that would prevent us from returning to the gate safely. We were advised that all looked ok and we taxied to the gate with no problem. I stood at the flight deck door and apologized to the passenger for the inconvenience and thank them for their understanding. Almost all of the passenger thanked me and said that the crew did a great job and that we didn't need to apologize. Many thanked me for comforting and reassuring them while we were in flight.,,,,A319 Captain reports hitting two geese on rotation. The only damage appears to be to the gear doors and the crew returns for an uneventful landing.,0,0,1,0,1,1,1,0,1,1,1,1,1,0,0,0,0,0,0,0,0,0,0,0,0,0,0,1,0,0,1,1,0,0,0,1,0,0,0,0,0,0,0,0,0,0,0,0,0,1,1,1,1,1,0,0,0,1,0,0,0,0,0,0,0,0,0,0,0,1,0,0,0,0,0,0,0,0,0,0,1,0,0,0,0,0,0,0,0,0,0
1257369,201504,0601-1200,ZZZ.Airport,US,,3.0,,,VMC,Windshear,,Daylight,,,Tower ZZZ,Personal,Amateur/Home Built/Experimental,1.0,Part 91,,Personal,,Final Approach,Visual Approach,Class D ZZZ,,,,,,,,,,,,,,,,,,,,,,,Exterior Pax/Crew Door,,X,Failed; Design,,,,,,,,,,,,,,,,,,,,,,,,,Aircraft X,Flight Deck,Personal,Single Pilot,Flight Crew Multiengine; Flight Crew Instrument; Flight Crew Air Transport Pilot (ATP),,,Workload; Troubleshooting; Time Pressure; Situational Awareness; Communication Breakdown; Distraction,Party1 Flight Crew; Party2 Flight Crew; Party2 ATC,,1257369,,,,,,,,,,,Aircraft Equipment Problem Critical; Deviation - Track / Heading All Types; Inflight Event / Encounter Other / Unknown,,,Person Flight Crew,In-flight,Aircraft Aircraft Damaged; Flight Crew Executed Go Around / Missed Approach; Flight Crew Landed in Emergency Condition; Flight Crew Took Evasive Action; General Maintenance Action,Aircraft,Aircraft,During an otherwise ordinary approach procedure; portions of both doors departed the aircraft. Due to the orientation of the door fragment on my side; my headset departed my head. The pilot in the right seat attempted to return them to my head but I could not hear over the wind noise and shortly thereafter they departed my head again. I was also unable to communicate with the pilot in the right seat due to the noise generated by the remaining fragment of the door.  Although the aircraft can be flown without doors I was unsure the impact of the partial door on flight characteristics and with the inability to maintain communication; I decided to land on the nearest suitable runway surface. I felt the right seat pilot tugging at the controls and interpreted his tugs to cancel my approach and enter left traffic for runway XX; which I then did and performed a short approach.,The Reporter stated that the flight conditions prior to the event were high enroute headwinds and a very warm temperature. He stated he is not an aerodynamic expert but strongly suspects that negative pressure on the door pulled the door away from the airframe. Because it latches only the door bottom; the conditions created enough outward movement and stress that one of the two doors opened; followed immediately by the opposite door opening. The events were nearly simultaneous so he could not tell which door latch failed first. The left door detached partially; the right door separated completely. The Reporter is working on an additional latch for the door fronts with the goal of keeping the doors next to the airframe and counter the negative pressure. Because this aircraft is a homebuilt experimental; no FAA certification is needed.,,,Both Zenith CH750 doors departed the aircraft while the aircraft was on a VFR downwind.,0,1,0,0,1,1,1,0,1,1,1,1,1,0,0,0,0,0,0,0,0,0,0,0,0,0,0,0,0,0,1,1,0,0,0,1,0,0,0,0,0,0,0,0,0,0,0,0,0,0,1,1,1,1,0,1,0,1,0,0,0,0,1,0,1,0,0,0,0,1,1,0,1,1,0,1,0,0,0,0,0,0,0,0,0,0,0,0,0,0,0
1258369,201504,1201-1800,ZZZ.Airport,US,,,0.0,,,,,Daylight,,,,Air Carrier,MD-80 Series (DC-9-80) Undifferentiated or Other Model,,Part 121,,,,Parked,,,,,Y,,Unscheduled Maintenance,Repair,,,,,,,,,,,,,,,,,Cargo Pit Compartment,Boeing McDonnell-Douglas,X,Malfunctioning,,,,,,,,,,,,,,,,,,,,,,,,,Gate / Ramp / Line,,Air Carrier,Technician,Maintenance Powerplant; Maintenance Airframe,Maintenance Technician 30,,Time Pressure; Workload; Communication Breakdown,Party1 Maintenance; Party2 Other,,1258369,,,,,,,,,,,Aircraft Equipment Problem Less Severe; Deviation / Discrepancy - Procedural Published Material / Policy,,,Person Maintenance,Aircraft In Service At Gate,Aircraft Aircraft Damaged; General Maintenance Action,Company Policy; Human Factors,Company Policy,I am concerned that I may not be able to comply with our Air Carrier's policies and procedures for the simple reason that management will not provide me the opportunity to do so. The event which occurred in April 2015 concerning Flight XXX arriving ZZZ2 from ZZZ1; is the event in which I wish to illustrate my point. Aircraft X; an [MD-80 series] aircraft; pulled up to gate with minor damage in the aft section of the aft cargo. This was allegedly reported shortly after its arrival by Fleet Service around XA:00pm. About two hours later; Aircraft Maintenance was finally notified of the discrepancy which I received the around XB:10pm. I arrived at the aircraft only to be informed that the discrepancy had been called in two hours earlier and that I was disrupting the operation by showing up at departure time. Further inspection of the aft section of the aft cargo revealed more damage than what was initially reported. After returning from the office where I had retrieved an almost depleted Cargo Repair Kit as well as having related the details of the situation to the supervisor and the Lead Mechanic; I was able to repair the damage without incident. However; when I informed the gentleman watching me that I needed access to the logbook; I was told the jet bridge had been pulled and all gate agents were unavailable. He then dropped the aft air stairs. As it was becoming quite clear that my presence was unwanted at this point; I took the logbook back to the office and reported that there was a problem. While away from the aircraft; an attempt was made to push the aircraft even though I had not completed my work. Only the lack of a logbook prevented the aircraft from starting its flight. Upon hearing this; it was evident to me that competing priorities were managing this situation and that they didn't care about what I had to say or do. So; how can I comply with company rules and regulations with our Air Carrier management's willingness to circumvent their own maintenance requirements all the while subjecting myself to a hostile work environment in which those I'm required to interact with; who view my actions as an impediment to achieving their goals? Furthermore; information being relayed to the flight and ground crews was clearly inaccurate. The plane was not ready to go and yet someone unknown stated that it was. It couldn't have been the pilots for they needed the logbook. The gate agents were long gone and fleet service had a representative watching my every move. Although essentially a non-incident; all involved expressed dissatisfaction with the dysfunction of the situation. As for me; it became obvious to see that competing interests on the ramp make it difficult; if not impossible; to comply with our Air Carrier's policies and procedures. I don't have a clue as to why the events unfolded as they did. Unfortunately; I'm also looking for suggestions to avoid being in such a situation.,The reporter stated he had not received any response from Management regarding his concerns and doubts he ever will; especially since many of the management personnel he interacts with are also facing competing priorities. He has approximately 30 years Aircraft Maintenance experience.,,,A Line Aircraft Maintenance Technician (AMT) describes why he believes competing interests on the ramp make it difficult; if not impossible; to comply with his air carrier's policies and procedures. He uses an incident involving an aft cargo compartment damage on an MD-80 series aircraft to illustrate the dysfunction of the situation.,0,0,1,0,1,1,1,0,1,1,1,1,1,0,0,0,0,0,0,0,0,0,0,0,0,0,0,0,0,0,1,1,0,0,0,1,0,0,0,0,0,0,0,0,0,0,0,0,0,0,1,1,1,1,0,0,0,1,0,0,0,0,1,0,0,0,0,0,0,0,1,0,0,1,0,0,0,0,0,1,0,0,1,0,0,0,0,0,0,0,0
1258389,201504,0601-1200,ZZZ.Airport,US,,,0.0,,VMC,Windshear; 10,,Daylight,,,Tower ZZZ,FBO,Cessna 120,1.0,Part 91,VFR,Training,,Landing,,,,,,,,,,,,,,,,,,,,,,,,,,,,,,,,,,,,,,,,,,,,,,,,,,,,,Aircraft X,Flight Deck,FBO,Single Pilot,Dispatch Dispatcher; Flight Crew Multiengine; Flight Crew Instrument,Flight Crew Last 90 Days 8.9; Flight Crew Total 763; Flight Crew Type 144,,Distraction; Situational Awareness; Training / Qualification,,,1258389,,,,,,,,,,,Deviation / Discrepancy - Procedural Published Material / Policy; Ground Event / Encounter Ground Strike - Aircraft; Inflight Event / Encounter Loss Of Aircraft Control; Inflight Event / Encounter Weather / Turbulence,,,Person Flight Crew,In-flight,Aircraft Aircraft Damaged; Flight Crew Became Reoriented; Flight Crew Regained Aircraft Control; Flight Crew Took Evasive Action,Human Factors; Procedure; Weather,Human Factors,I went up with my tailwheel instructor CFI to get current and proficient in the tail dragger after a 5 month absence from flying a conventional gear airplane. On my last landing (which was a 3 point landing dead on center-line) during the roll-out I failed to maintain directional control using left rudder to counteract weathervaning which caused the plane to ground loop. The winds were coming from the west at 280/13 KTS and the airport was landing aircraft on 180. This was a direct crosswind. I have done training before with winds much higher than this. However; after 5 months absence my skill level declined and I was not quick enough to respond to the relative high crosswinds. (However; the Cessna 120 does not have a designated crosswind limit since it was manufactured in the 1940s) In the future; I will retrain with winds more benign than the ones that were present on the day of this incident.Very minor damage occurred to the L wing tip and no bodily injuries occurred. We were very fortunate and I learned a very valuable lesson with regard to my own personal limitations in flying a tailwheel airplane.,,,,A C-120 pilot with his instructor training for recurrency; ground looped the aircraft in a crosswind because he had not flown in a while and reacted inappropriately to the winds.,0,0,0,0,1,1,1,0,1,1,1,1,1,0,0,0,0,0,0,0,0,0,0,0,0,0,0,0,0,0,1,1,0,1,0,1,0,0,0,0,0,0,0,0,0,0,0,0,0,0,1,1,1,1,0,0,0,1,0,1,0,0,0,0,1,0,0,0,0,1,0,1,0,0,0,0,0,0,0,0,0,0,1,0,0,0,0,1,0,0,1
1259509,201505,1801-2400,ZZZ.Airport,US,,,0.0,,VMC,,,Dusk,,,Ramp ZZZ,Air Carrier,A320,2.0,Part 121,IFR,Ferry / Re-Positioning,,Taxi,,,,,,,,,,,,,,,,,,,,,,,,,Winglet,,X,,,,,,,,,,,,,,,,,,,,,,,,,,Aircraft X,Flight Deck,Air Carrier,Captain; Pilot Flying,Flight Crew Air Transport Pilot (ATP),,,Fatigue; Time Pressure; Distraction,,,1259509,,,,,,,,,,,Conflict Ground Conflict; Critical; Deviation / Discrepancy - Procedural Published Material / Policy,,,Person Flight Crew; Person Ground Personnel,Taxi,Aircraft Aircraft Damaged; General Maintenance Action,Procedure; Human Factors; Environment - Non Weather Related; Airport,Airport,Pushing back; hooked up to tug; off gate; approximately 1/3 of the way through pushback the aircraft made a shudder and came to an unusual stop.  I immediately asked the tug driver if everything was ok.  He replied his wing walker let him hit a B757 tail.  We set the parking brake and secured the aircraft. [This Gate] is extremely tight to operate in.  Extreme caution needs to be used in and out.The flight was an empty ferry flight.  The aircraft had less than normal fuel; no bags or passengers and new Sharklet wings.  This makes for a very high wing tip off the ground.  Also; the Red eye flight landing that morning; departing that same night; only allows for 4-5 hours of circadian sleep.  While able to operate per the 117 rules; lack of sleep does not allow for 110% clear focus. This type of pairing should be reviewed.,,,,An A320 was being pushed at dusk in a confined area when one of its Sharklet wingtips hit a B757 tail because the wing walker did not warn of the collision and also the new wingtips are very high off the ground.,0,0,0,0,1,1,1,0,1,1,1,1,1,0,0,0,0,0,0,0,0,0,0,0,0,0,0,0,0,0,1,1,0,0,0,1,0,0,0,0,0,0,0,0,0,0,0,0,0,0,1,1,1,1,0,0,0,1,0,0,0,0,0,0,1,1,0,0,0,0,1,0,0,0,0,0,1,0,0,0,1,0,1,0,0,0,0,1,0,0,0
1259600,201504,1201-1800,ZZZ.Airport,US,,,0.0,,VMC,Windshear; 10,,Daylight,12000,10.0,CTAF ZZZ,FBO,Skyhawk 172/Cutlass 172,1.0,Part 91,VFR,Training,,Landing,Direct,Class G ZZZ,,,,,,,,,,,,,,,,,,,,,,,,,,,,,,,,,,,,,,,,,,,,,,,,,,,Aircraft X,Flight Deck,FBO,Pilot Flying; Single Pilot,Flight Crew Student,Flight Crew Last 90 Days 5.9; Flight Crew Total 59.4; Flight Crew Type 59.4,,Training / Qualification; Workload; Confusion; Distraction; Situational Awareness,,,1259600,,,,,,,,,,,Deviation / Discrepancy - Procedural Published Material / Policy; Ground Excursion Runway; Inflight Event / Encounter Loss Of Aircraft Control; Inflight Event / Encounter Unstabilized Approach; Inflight Event / Encounter Weather / Turbulence,,,Person Flight Crew,In-flight; Taxi,Aircraft Aircraft Damaged; General Maintenance Action; General Flight Cancelled / Delayed,Environment - Non Weather Related; Airport; Human Factors; Procedure,Human Factors,I departed my home airport and was practicing landings at two different nearby airports. The day before I was endorsed to fly solo at these two airports. The winds were from 200 at 8 knots. The sky was clear and +10 visibility. Altimeter 30.01 temp/dew point 13/M3. There were two aircraft waiting to depart Runway 30. I selected Runway 17 with a 30 degree crosswind. I overflew the airport and entered on 45 left downwind for Runway 17. The pattern took me over the lake. On final approach; I was too high and decided to go around. On the next attempt; I was lower but had to drop more altitude on final approach. I was carrying extra airspeed and floated down the runway. When the aircraft touched down I did not retract the flaps immediately so I had little braking. The tires skidded and I was unable to stop before crossing the runway end. The propeller tip struck an end marker and the right main gear cover was dented by the marker. After the propeller strike; I taxied to the tees and called my instructor. I left the aircraft parked there.The propeller was inspected the next day and pictures were sent to the Mechanic. The nick in the propeller was dressed in the field as authorized by the Mechanic and the aircraft was ferried back. Because the traffic pattern goes over the lake; I believe that I tended to stay too high and was too high on final approach. At this point; I should have gone around and landed on another runway with an 80 degree crosswind or opted to return to my home airport. I should have realized that this runway was beyond my skill level.Since this; I have flown again with my instructor with emphasis on short field landings. After more practice I will return to this outlying field with my instructor and land multiple times on Runway 17.,,,,A C-172 student pilot landing at an outlying field misjudged his altitude; landed long in a crosswind and overran the runway's where the propeller struck an end marker. After a propeller dressing the aircraft was flown to the home airport.,0,0,0,0,1,1,1,0,1,1,1,1,1,0,0,0,0,0,0,0,0,0,0,0,0,0,0,0,0,0,1,1,0,0,0,1,0,0,0,0,0,0,0,1,0,0,0,0,0,0,1,1,1,1,0,0,1,1,0,1,0,0,0,1,1,0,0,0,0,1,0,1,0,1,0,0,1,0,0,0,1,0,1,0,0,0,0,1,0,0,0
1260085,201505,1201-1800,TYR.Airport,TX,,,0.0,,VMC,10,,Daylight,12000,,,Personal,LA-4-200 Buccaneer,1.0,Part 91,,Personal,,Takeoff / Launch,,,,,,,,,,3.0,,,,,,,,,,,,,,,,,,,,,,,,,,,,,,,,,,,,,,,,,,,Aircraft X,Flight Deck,Personal,Single Pilot; Pilot Flying,Flight Crew Private; Flight Crew Sea,Flight Crew Last 90 Days 21; Flight Crew Total 493; Flight Crew Type 106,,Situational Awareness,,,1260085,,,,,,,,,,,Ground Event / Encounter Other / Unknown,,,Person Flight Crew,Taxi,Aircraft Aircraft Damaged; Flight Crew Rejected Takeoff,Human Factors; Weather,Weather,During the weekend; I had given several friends a short ride in my seaplane. Each flight departed and landed on the surface of a lake. On board were myself; plus one adult; and two minors; for a total of four persons. We had no cargo; and 27 gallons of fuel in the main tank. The auxiliary tanks were empty. The incident occurred during an aborted takeoff attempt. Wind was from the south at 8 MPH and slightly gusty. We taxied to the north end of the lake to a cove for smooth water. I started my takeoff run to the southeast along the shore line. I was unable to get airborne before we left the cove and we started to encounter rough water; so I began to slow down and turned toward the east to head to another cove. When I turned slightly left again to the northeast; we encountered some boat wake rollers and skipped several times. At this point either the nose gear door or the right wing float caught the water and we experienced what I believe was a water loop. There we no injuries; but one wing float was bent and the other had come off. A boat approached and I had them take my three passengers to shore and send a friend to tow me back. Once the airplane was beached I also noted minor damage to lower wing skins; rudder; left flap; left aileron; and one front landing gear door.I was rested and in a good mental state to pilot this aircraft. I was current; and I feel I was well trained when I got my seaplane rating in this aircraft. I now question my judgment in giving this ride with passengers; given the existing wind and water conditions. I also believe I should have slowed down more before turning to find a second location for takeoff. Optimally I could have aborted the entire flight after the first failed takeoff attempt.,,,,Seaplane aborted takeoff attempt due to rough water conditions. When attempting to turn during subsequent taxi aircraft experienced a 'water loop' resulting in aircraft damage.,0,0,0,0,1,1,1,0,1,1,1,1,1,0,0,0,0,0,0,0,0,0,0,0,0,0,0,0,0,0,1,1,0,0,0,1,0,0,1,0,0,0,0,0,0,0,0,0,0,0,1,1,1,1,0,0,0,1,0,0,0,0,0,0,0,0,0,0,0,1,0,0,0,0,0,0,0,0,0,0,0,0,1,0,0,0,0,0,0,0,1
1260089,201505,1201-1800,ZZZ.Airport,US,,,0.0,,VMC,10,,Daylight,,,CTAF ZZZ,Personal,Cessna 170,2.0,Part 91,,Training,,Landing,,Class G ZZZ,,,,,,,,,,,,,,,,,,,,,,,,,,,,,,,,,,,,,,,,,,,,,,,,,,,Aircraft X,Flight Deck,Personal,Trainee; Pilot Flying,Flight Crew Flight Instructor; Flight Crew Instrument; Flight Crew Commercial; Flight Crew Multiengine,Flight Crew Last 90 Days 90; Flight Crew Total 1800; Flight Crew Type 2.5,,Training / Qualification,,,1260089,,,,,,,,,,,Inflight Event / Encounter Loss Of Aircraft Control; Inflight Event / Encounter Weather / Turbulence,,,Person Flight Crew,In-flight,Aircraft Aircraft Damaged,Human Factors; Weather,Human Factors,My instructor and I were practicing cross wind landings on Runway 11. At the time I was acting as a student gaining proficiency in the aircraft and learning proper technique for cross wind landings. The wind was variable at 150 to 190 at 12 knots. I had control of the aircraft on final and landed the aircraft in the two point configuration on the first 1/3 of the runway. By approximately 2/3 down the runway the aircraft was ready to transition to a three point configuration from the two point wheel landing configuration it initially contacted the runway in. While allowing the tail to lower to the ground; the aircraft began to yaw to the right into the wind. At the moment the aircraft began to yaw; I did not feel comfortable or confident in my ability to react to the yawing and verbalized 'you have the flight controls' to my instructor. This was the process in which we had briefed previous to the flight of how command of the flight controls would be transferred should either of us feel unsafe or uncomfortable. Once verifying the instructor had control of the aircraft; I let go of the controls and placed my feet flat on the floor off of the rudder pedals. At this moment; the instructor took control of the aircraft and accepted the role and responsibility of pilot in command. The instructor successfully stopped the rotation of the aircraft; keeping the aircraft on the runway. However; shortly after the instructor corrected the aircraft; the aircraft pitched over onto its nose and slid approximately 4 feet to a stop. Once the aircraft was stopped we turned off the electrical master; turned off the magnetos; closed the fuel valve; and exited the aircraft. No injuries occurred to either occupant of the aircraft. Following the incident and referencing NTSB 830 and AIM 7-6-2 this was classified as an aircraft incident as no substantial damage occurred from the view point of me as the student or the instructor. Therefore this did not qualify as an event requiring notification to the NTSB.,,,,During crosswind landing practice in this tailwheel aircraft; student pilot transferred control to the instructor after losing confidence in his ability to maintain control of the aircraft on landing. Aircraft pitched over and skidded to a stop on its nose.,0,0,0,0,1,1,1,0,1,1,1,1,1,0,0,0,0,0,0,0,0,0,0,0,0,0,0,0,0,0,1,1,0,0,0,1,0,0,0,0,0,0,0,0,0,0,0,0,0,0,1,1,1,1,0,0,0,1,0,1,0,0,0,0,0,0,0,0,0,0,0,1,0,0,0,0,0,0,0,0,0,0,1,0,0,0,0,0,0,0,1
1260224,201505,1201-1800,,,,,0.0,,,,,Daylight,,,,Fractional,Challenger 300,,Part 91,,,,Parked,,,,,,,,,,,,,,,,,,,,,,,,,,,,,,,,,Part 91,,,,,,,,,,,,,,,,,,,,Aircraft Y,Flight Deck,Corporate,First Officer,Flight Crew Air Transport Pilot (ATP),,,Situational Awareness; Time Pressure; Communication Breakdown,Party1 Flight Crew; Party2 Ground Personnel,,1260224,Gate / Ramp / Line,,Corporate,Captain,Flight Crew Air Transport Pilot (ATP),,,Communication Breakdown; Situational Awareness; Time Pressure,Party1 Flight Crew; Party2 Ground Personnel,1260768.0,Deviation / Discrepancy - Procedural Published Material / Policy; Ground Event / Encounter Aircraft,,,Person Flight Crew; Person Ground Personnel,Aircraft In Service At Gate,Aircraft Aircraft Damaged,Human Factors; Procedure,Human Factors,I did a normal preflight on assigned aircraft. With the brake set and preflight done we got a brake fail Crew Alert System (CAS). We shut the plane down and restarted it trying to clear the CAS. It would not clear so the captain wrote up the plane. Soon after I recieved a message to get alternate aircraft ready. I then went outside and put the pins in and did a post flight and told ground crew we were grounded and taking another plane. I don't remember if chalks were in or not. I then took my bags and went to alternate aircraft to preflight. Soon after heard the APU shut down on original aircraft and the capt arrived at the alternate aircraft. While getting clearance I heard a bang; looked up and saw original aircraft contacting another jet in front of me. The aircraft was left on the ramp with no chalks. Better communication are needed between flight crews and ground personnel.,,Knowing that the parking brake was set I asked the fueler to please remove the smashed chocks from the wheels. Prior to our departure from the ramp the plane had a mechanical issue that canceled our trip. My normal flow prior to departure is to check exterior doors (closed) and remove any remaining chocks or cones. Otherwise we wait 10 minutes for irritated line personnel or upset passengers. As a result of us dealing with a exterior maintenance issue; I am not sure of the status of the chocks at this point. Whether I followed my departure flow will be cleared up in the video footage. The trip to an alternate aircraft. My First Officer (FO) pinned the gear and placed required pitot static covers then moved to our next plane; while I completed paperwork. While walking to alternate aircraft an FBO employee asked what was going on? I advised that original aircraft was broke and that we were taking an alternate aircraft.I had just exited the FBO after using the lavatory. I saw the original aircraft moving very fast across the ramp with a line guy trotting next to the right wing. My first impression was a mechanic was taxiing the plane to maintenance. Then I realized the line guy was actually a pilot trying to stop the plane. 36 minutes had elapsed at this point from us leaving the original aircraft.Chocks were not in place. Possible gusty wind. Possible jet blast. Ramp doesn't have sufficient downhill grade to allow a heavy plane to start moving in my experience.I took pictures immediately; then contacted my supervisor for instruction. More attentive present line personnel are needed especially for chock placement awareness.,,Originally-assigned aircraft developed a maintenance problem and crew was assigned an alternate aircraft. Chocks were not reinstalled on the original aircraft. Original aircraft then began to roll and struck another (third) aircraft.,0,0,0,0,1,1,1,0,1,1,1,1,1,0,0,0,0,0,0,0,0,0,0,0,0,0,0,0,1,0,1,1,0,0,0,1,0,0,0,0,0,0,0,0,0,0,0,0,0,0,1,1,1,1,0,0,0,1,0,0,0,0,1,0,0,0,0,0,0,1,1,0,0,0,0,0,0,0,0,0,0,0,1,0,0,0,0,1,0,0,0
1260604,201504,,ZZZ.Airport,US,,,0.0,,,,,,,,Ground ZZZ,Air Carrier,Regional Jet 700 ER/LR (CRJ700),2.0,Part 121,,Other Maintenance,,Taxi,,,,,N,,Unscheduled Maintenance,,,,,,,,,,,,,,,,,,Normal Brake System,Bombardier CRJ,X,Malfunctioning,,,Any Unknown or Unlisted Aircraft Manufacturer,,,,,,,,,,,,,,,,,,,,,,Gate / Ramp / Line,Flight Deck,Air Carrier,Technician,Maintenance Powerplant; Maintenance Airframe,,,Troubleshooting; Training / Qualification; Confusion; Communication Breakdown; Situational Awareness,Party1 Maintenance; Party2 Maintenance,,1260604,,,,,,,,,,,Aircraft Equipment Problem Critical; Deviation / Discrepancy - Procedural Published Material / Policy; Ground Event / Encounter Aircraft,,,Person Maintenance,Taxi,Aircraft Aircraft Damaged; General Maintenance Action,Procedure; Human Factors; Aircraft,Human Factors,CRJ-700 aircraft was pushed back from the gate. We performed engine start checks; then started engine. I; Mechanic X; called for taxi and we get clearance from Tower. Mechanic Y reports no brakes or steering. I try my brakes; no stop. I then armed thrust reverses and pull back on thrust reverser levers. I saw on the EICAS the thrust reverser did activate but not soon enough to stop us. After the incident I go to stop the engines and we go through shutdown procedures. Tower calls and ask if we need assistance or medical crew; and I tell them that we were okay. Then aircraft shutdown. I feel [that] an abnormal event and then the onset of panic caused the event along with the amount of time to fix said event. Aircraft damage. Struck against an aircraft. Surface dry.,,,,A Line Aircraft Maintenance Technician (AMT) describes his efforts to stop their CRJ-700 aircraft during taxi out when he realized they did not have any brakes or nosewheel steering control prior to contacting another aircraft. The abnormal event and onset of panic contributed to the incident.,0,1,0,0,1,1,1,0,1,1,1,1,1,0,0,0,0,0,0,0,0,0,0,0,0,0,0,0,1,0,1,1,0,0,0,1,0,0,0,0,0,0,0,0,0,0,0,0,0,0,1,1,1,1,0,0,0,1,0,0,0,0,1,1,0,0,0,0,0,1,0,1,1,0,0,1,0,0,0,0,0,0,1,0,0,0,0,1,0,0,0
1261284,201505,0601-1200,ZZZ.Airport,US,,,0.0,,,,,,,,,Personal,Cessna Single Piston Undifferentiated or Other Model,1.0,Part 91,,Training,,Taxi,,,,,,,,,,,,,,,,,,,,,,,,,Nose Gear Wheel,,X,Failed,,,,,,,,,,,,,,,,,,,,,,,,,Aircraft X,Flight Deck,Personal,Pilot Flying,Flight Crew Private,Flight Crew Last 90 Days 15; Flight Crew Total 400; Flight Crew Type 250,,Training / Qualification,,,1261284,Aircraft X,Flight Deck,Personal,Pilot Not Flying,Flight Crew Private,Flight Crew Last 90 Days 10; Flight Crew Total 300; Flight Crew Type 250,,,,1261314.0,Aircraft Equipment Problem Less Severe; Deviation / Discrepancy - Procedural Published Material / Policy; Deviation / Discrepancy - Procedural FAR,,,Person Flight Crew,Taxi,Aircraft Aircraft Damaged,Human Factors; Aircraft,Aircraft,Nose gear shimmy due to poor runway condition; nosegear broke loose from the aircraft; no propeller strike.,,A lot of things went wrong [on] this flight; included; but not limited to the nosewheel shimmied uncontrollably and separated the strut from the firewall. The pilot in command did not renew his pilot license; he had the old pilot license. I do not feel this was material to this incident.,,During taxi; Cessna nose wheel shimmied and caused the nose landing gear strut to separate from aircraft firewall. Pilot's license had expired.,0,0,1,0,1,1,1,0,1,1,1,1,1,0,0,0,0,0,0,0,0,0,0,0,0,0,0,0,0,0,1,1,0,0,0,1,0,0,0,0,0,0,0,0,0,0,0,0,0,0,1,1,1,1,0,0,0,1,0,0,0,0,0,0,0,0,0,0,0,0,0,1,0,0,0,1,0,0,0,0,0,0,1,0,0,0,0,0,0,0,0
1261306,201505,1801-2400,ZZZ.Airport,US,,,0.0,,VMC,,,Daylight,,,CTAF ZZZ,Personal,Amateur/Home Built/Experimental,1.0,Part 91,,Personal,,Landing,,,,,,,,,,,,,,,,,,,,,,,,,Tail Wheel,,X,Failed,,,,,,,,,,,,,,,,,,,,,,,,,Aircraft X,Flight Deck,Personal,Pilot Flying; Single Pilot,Flight Crew Private; Flight Crew Instrument,Flight Crew Last 90 Days 11.7; Flight Crew Total 1740; Flight Crew Type 27.1,,Situational Awareness,,,1261306,,,,,,,,,,,Aircraft Equipment Problem Less Severe; Ground Event / Encounter Ground Strike - Aircraft; Inflight Event / Encounter Loss Of Aircraft Control,,,Person Flight Crew; Person Observer,In-flight,Aircraft Aircraft Damaged; Flight Crew Executed Go Around / Missed Approach; Flight Crew Regained Aircraft Control,Aircraft; Human Factors,Aircraft,Returning from pleasure flight with light winds and favoring Runway 11; and upon first landing attempt; I heard grinding when I lowered tail. I applied power and went around. I contacted the Airport Manager to visually inspect the tailwheel condition during a low pass. He verified that the tailwheel was missing; but didn't tell me that the forks were missing also. During the second landing attempt the aircraft tracked straight until the remainder of the tailwheel assembly touched down. The lower tail attitude (due to missing forks) startled me and I was slow to correct the right turn and ground-looped. The left lower wing barely touched the ground and the left main wheel dug into the pavement. There was no visible damage to the aircraft other than cosmetic. We then cleared the aircraft from the runway. Earlier in the day I had landed with winds variable between 320 and 030 and 8G17 knots.  The tailwheel shimmied severely and I checked the pressure when I returned to the hangar and increased it from 40 PSI to 50 PSI. I assume the bolt end sheered during the shimmy and that caused the wheel and forks to fall off during takeoff. After severe shimmy in the future I should fully inspect the whole tailwheel assembly.,,,,Tail wheel bi-plane pilot experiences a grinding noise as the tail wheel is lowered to the runway after landing and a go around is initiated. A ground observer reports that the tail wheel is missing. During the next landing a ground loop occurs and a wing tip contacts the runway.,0,0,1,0,1,1,1,0,1,1,1,1,1,0,0,0,0,0,0,0,0,0,0,0,0,0,0,0,0,0,1,1,0,1,0,1,0,0,0,0,0,0,0,0,0,0,0,0,0,0,1,1,1,1,0,0,0,1,0,0,0,0,0,0,0,0,0,0,0,1,0,0,0,0,0,1,0,0,0,0,0,0,1,0,0,0,0,0,0,0,0
1263181,201505,0601-1200,ZZZ.Airport,US,,,0.0,,,Rain; 10,,,3000,4500.0,,Personal,M-20 E Super 21,2.0,Part 91,,Training,,Landing,Visual Approach,,,,,,,,,,,,,,,,,,,,,,,,Gear Extend/Retract Mechanism,,X,Failed,,,,,,,,,,,,,,,,,,,,,,,,,Aircraft X,Flight Deck,Personal,Pilot Flying; Trainee,Flight Crew Instrument; Flight Crew Private,Flight Crew Last 90 Days 90; Flight Crew Total 259; Flight Crew Type 6,,Other / Unknown; Training / Qualification,,,1263181,Aircraft X,Flight Deck,Personal,Check Pilot; Pilot Not Flying,Flight Crew Instrument; Flight Crew Commercial; Flight Crew Flight Instructor,Flight Crew Last 90 Days 150; Flight Crew Total 450; Flight Crew Type 50,,Training / Qualification; Other / Unknown,,1263569.0,Aircraft Equipment Problem Less Severe; Ground Event / Encounter Gear Up Landing; Ground Event / Encounter Ground Strike - Aircraft,,,Person Air Traffic Control,In-flight,Air Traffic Control Issued Advisory / Alert; Aircraft Aircraft Damaged; General Evacuated,Aircraft,Aircraft,We were practicing touch and goes and pattern work. The flow was consistent. I was practicing touch and goes. We had a few short approaches and then on our final circuit doing a regular landing (8th touch and go) we had followed the check list and verified against both the Green indicator light on the Dash as well as the floor indication that the Gear was down and ready for landing. On Downwind we had gear down at 100 mph for Runway 4L. On Base leg out Speed was 90 again verified Green and down. On Final Airspeed to 80 Mph and again verified using on board checklist.We had the power pulled all the way back and were in the flair. Came in to fully touch down and no alarms sounding. There was no horns. A split second before touching down the ATC had casually come on (in a woman's voice) 'XXX go around' as I was about to initiate go around our plane had settled down and prop had made contact with the surface. We slide and I tried to keep the calm and we followed the emergency landing procedures and exited the plane. No one was injured and we had fire crew there within a short minute or two. We were escorted off the runway and into the airport manager's office. The FAA had come awhile later; they asked us what had happened and then the ATC came in. The ATC was trying to tell us we were cleared for a Short approach which we did not request nor did we do. We were on a normal landing and had coordinated to have such. They would not allow us to listen to the playback of the tapes. ATC Live tapes at that time also were pulled from the internet feed. It was a very odd meeting. As the three of us were told that the FAA had to talk to the ATC for a minute and then they had not returned for more than 15 minutes. The Gear had signified it was in the down position both I and the Instructor verified. I as a student am very dismayed and wish to have help in this very unfortunate event.,,Had gear up landing with commercial student. Went through check list; gear annunciator was green indicating gear down. But gear was not down.,,A Mooney 20E student pilot under instruction landed gear up. Both the instructor and the student report that they followed checklists and that the green gear down indicator lights were illuminated. Additionally; the student reported that he checked the floor indication that the gear was down and that there were no alarms sounding. ATC had instructed a go around just before the propeller struck the runway.,0,0,1,0,0,0,0,0,0,0,0,0,0,0,0,0,0,0,0,0,0,0,0,0,0,0,0,0,0,0,0,0,0,1,0,0,0,0,0,0,0,0,0,0,0,0,0,0,0,0,0,0,0,0,0,0,0,0,0,0,0,0,0,0,0,0,0,1,0,0,0,1,0,0,0,1,0,0,0,0,0,0,0,0,0,0,0,0,0,0,0
1264030,201505,0601-1200,ZZZ.Airport,US,,,0.0,,,,,Daylight,,,,Air Carrier,A320,2.0,Part 121,,Passenger,,Parked,,,N,N,Y,,Unscheduled Maintenance,Inspection,,,,,,,,,,,,,,,,,Turbine Engine,,X,,,,,,,,,,,,,,,,,,,,,,,,,,Aircraft X,Flight Deck,Air Carrier,Captain; Pilot Flying,Flight Crew Air Transport Pilot (ATP),,,Communication Breakdown; Confusion; Time Pressure,Party1 Flight Crew; Party2 Maintenance,,1264030,,,,,,,,,,,Aircraft Equipment Problem Critical; Deviation / Discrepancy - Procedural Published Material / Policy; Inflight Event / Encounter Bird / Animal,,N,Person Flight Crew,Pre-flight,Aircraft Aircraft Damaged; General Flight Cancelled / Delayed; General Maintenance Action,Company Policy; Human Factors; Procedure; Logbook Entry,Company Policy,First Officer during pre flight noticed possible bird strike indications on #2 engine cowl and a large mark on one of the fan blades. I entered this into the logbook and notified Maintenance as well as Operations. The cowl had streaks of material and the fan blade showed a large white mark about four inches in diameter near the tip. Maintenance took the log book with about 10 minutes to go before scheduled departure. They returned the log book to me 12 minutes later with a signoff saying no damage noted ok for flight. We were about to close the door when maintenance returned to get the log book back from me. They took it from the flight deck and returned with another notation saying in the Discrepancy block 'landing gear safety devices installed' and in the Corrective block 'landing gear safety devices removed'.  At no time were these devices removed from the flight deck. I also understand the only safety devices for landing gear must be used from each individual airplane. In other words a Mechanic cannot have a set they keep in their tool box.  This appeared to be an afterthought just to make the previous entry for 'ok for flight' legal. How would I know; since pilots have no idea what is required to be completed.With the removal of the requirement of an Airworthiness Release after a bird strike inspection it leaves open any manner of inspections. We; as pilots; can only accept the log book from maintenance in hope that the entire procedure was accomplished by maintenance personnel. This obviously was a 'quick' inspection due to our close departure time and the fact that maintenance had missed this on their post flight inspection after the planes arrival from ZZZ1 into ZZZ2. Who knows what was ingested into that engine. I know for a fact there is no bug in this world that can leave that size mark on a cowl and fan blade. Currently any Mechanic can sign this [Bird Strike Inspection] off; but it [company] should return to the requirement of an Airworthiness Release and a more thorough inspection be accomplished; no matter how long it takes. I just hope any subtle damage will not later manifest itself in a failure at a later date.,The reporter stated the A320 flight was on a 'quick turn' and everyone was rushing to get the aircraft pushed for an 'on-time' departure. His Air Carrier has removed the requirement to have an Airworthiness Release signed after a Bird Strike Inspection and even states that on their Maintenance Release. Given the quickness that Maintenance had signed off the Bird Strike Inspection in their Logbook without any reference to any document of items to check for when performing that type of inspection; made him wonder just what was inspected. He's not sure if Maintenance requires a certain qualification for technicians to be allowed to do a Bird Strike Inspection. He still believes a more detailed inspection should have been done. He still doesn't know why the 'Landing Gear safety devices' were even entered in the Logbook; because they should not have any bearing on the issue of inspecting the engine for damage.,,,A Captain expresses his concerns about the 'quickness' that Maintenance had performed on a Bird Strike Inspection on # 2 Engine for an A320 aircraft; without any reference procedure noted in the Logbook sign-off. Adding to his concerns; was his Air Carrier's removal of a previous requirement that an Airworthiness Release also be issued after a Bird Strike Inspection.,0,1,0,0,0,0,0,0,0,0,0,0,0,0,0,0,0,0,0,0,0,0,0,0,0,0,0,0,0,0,0,0,0,0,0,0,0,0,0,0,0,0,0,0,0,0,0,0,0,1,0,0,0,0,0,0,0,0,0,0,0,0,1,1,0,0,0,0,0,0,1,0,0,0,0,0,0,0,0,1,0,0,1,0,1,0,0,1,0,0,0
1265107,201505,1801-2400,ZZZ.Airport,US,,,,,,,,Night,,,Center ZZZ,Air Carrier,Regional Jet 700 ER/LR (CRJ700),2.0,Part 121,IFR,Passenger,,Cruise; Descent,,,,,,,,,,,,,,,,,,,,,,,,,,,,,,,,,,,,,,,,,,,,,,,,,,,,,Aircraft X,General Seating Area,Air Carrier,Flight Attendant In Charge; Flight Attendant (On Duty),Flight Attendant Current,,Service; Safety Related Duties,Communication Breakdown; Physiological - Other; Situational Awareness; Workload,Party1 Flight Crew; Party2 Other,,1265107,,,,,,,,,,,Deviation / Discrepancy - Procedural FAR; Deviation / Discrepancy - Procedural Published Material / Policy; Flight Deck / Cabin / Aircraft Event Passenger Misconduct,,Y,Person Flight Attendant,In-flight,Aircraft Aircraft Damaged; Flight Crew Took Evasive Action; General Police / Security Involved,Human Factors; Aircraft,Human Factors,During the flight the passenger was seated at the bulk head. I was serving the passengers in First Class and a passenger had his legs stretched all the way out into the aisle just to the left of the bulk head. I attempted as best I could to step around his feet while I was doing the service because he was sleeping and I did not want to disturb him. He then crosses his right leg over his left knee and then had his foot completely out in the middle of the aisle so that I was unable to get to galley. I then stated 'Sir can I ask you to please move your foot so that I am able to pass by.' The passenger then forcefully grabbed my arm and yanked me down so that my face was directly in front of his and stated 'tell your engineer to build a plane with leg room.' I then turned around and walked into the galley and I did not respond to the passenger at all. He seemed to be extremely tired and was acting in an aggressive manner and refused to move his feet out of the aisle. I then called the Captain to let him know what happened. I then walked to the back of the cabin to tell the number 2 Flight Attendant to be careful when she brought the cart back to the galley because this passenger refused to move his feet and I did not want her to bump him with the cart to upset him further. As she passed next to him to bring the cart into the galley she woke him up and asked him to move his feet because she could not get by. He still did not move his feet and when she attempted to move the cart past his feet she bumped into his foot and a wine bottle fell off the cart and landed on the floor. The number 2 Flight Attendant was standing in front of me and the passenger picked up the wine bottle and threw it at her. She was very startled and asked him what he was doing. When he threw the bottle she backed into the cart and it fell over and hit the service door causing damage to the door. There was a metal piece that was bent and scraped. The Captain then called and asked if we were ok because he heard the cart fall over. I told him what happened and he arranged for the police to meet the flight. After I spoke to the Captain; I spoke to [a] passenger [who witnessed incident] and she stated she witnessed him throwing the bottle. During the conversation with the [witnessing] passenger; I also asked her to look at where his feet were and stated that they were still there even after both Flight Attendants requested him to move them. I asked her if she would be willing to make a statement if necessary and she agreed. [Another witnessing] passenger gave a statement to the police informing them what he knew. After the disruptive passenger deplaned and was speaking with the police; I asked [another] witness seated [in first class] if she saw the disruptive passenger grab my arm. She stated she did see him do it and that he was 'belligerent and he made me feel very uncomfortable'. I asked her if she would be willing to make a statement if necessary and she agreed. I informed the police of the witnesses but they only spoke to the passenger who was [seated farther back] and he gave them a written statement. The passengers in [first class] actually were the passengers that saw everything however to my knowledge they did not speak with the police. Later that night a FBI agent called and took statements from both myself and the number 2 Flight Attendant. The disruptive passenger never took his feet out of the aisle for the entire flight even though both myself and the number 2 requested him to do so. He finally moved his feet when the landing gear came down for landing.I have been flying for approximately 12 years and I have never experienced anyone that acted in this manner only because he was asked to move his legs out of the aisle.,,,,A CRJ-700 passenger with long legs refused to remove them from the aisle for flight attendant passage and after the service cart bumped his feet in passing where he then threw a wine bottle at her. Witnesses corroborated her story and police met the passenger at gate arrival.,0,0,0,0,0,0,0,0,0,0,0,0,0,0,0,0,0,0,0,0,0,0,0,0,0,0,0,0,0,0,0,0,0,0,0,0,0,0,0,0,0,0,0,0,0,0,0,0,0,0,0,0,0,0,0,0,0,0,0,0,0,0,1,0,0,0,0,0,1,1,0,0,0,1,0,1,0,0,0,0,0,0,1,0,0,0,0,0,0,0,0
1265867,201505,0601-1200,FLL.Airport,FL,,,,,VMC,10,,Daylight,10000,,Tower FLL,Corporate,Caravan Undifferentiated,2.0,Part 91,VFR,Ferry / Re-Positioning,,Landing,Visual Approach,Class C FLL,,,,,,,,,,,,,,,,,,,,,,,,,,,Tower FLL,Air Carrier,A320,2.0,Part 121,IFR,,,Takeoff / Launch; Initial Climb,,Class C FLL,,,,,,,,,,,,,,Aircraft X,Flight Deck,Corporate,First Officer; Pilot Flying,Flight Crew Multiengine; Flight Crew Commercial; Flight Crew Instrument,Flight Crew Last 90 Days 17; Flight Crew Total 1990; Flight Crew Type 217,,Distraction; Situational Awareness,,,1265867,Aircraft X,Flight Deck,Corporate,Pilot Not Flying; Captain,Flight Crew Instrument; Flight Crew Multiengine; Flight Crew Commercial,Flight Crew Last 90 Days 140; Flight Crew Total 2500; Flight Crew Type 1900,,Distraction; Situational Awareness,,1266728.0,ATC Issue All Types; Conflict Ground Conflict; Critical; Ground Event / Encounter Gear Up Landing; Inflight Event / Encounter Wake Vortex Encounter,,,Person Flight Crew,In-flight,Aircraft Aircraft Damaged; General Maintenance Action,Human Factors,Human Factors,Captain and SIC (Second in Command) departed in a C208 amphibian; with no passengers. Aircraft arrived for a right downwind for Ft. Lauderdale International 10R and was second in line following a 700 series jet. On short final; tower cleared an A320 for take-off and immediately directed a go-around. SIC had the flight controls and added power and raised the flaps for the go-around. Captain raised the gear. Aircraft went through wake turbulence and then made a right crosswind for 10R. SIC turned downwind and added flaps; then right base; then final; with 30 degrees of flaps. Aircraft was landing again behind a jet and was cautioned clear to land; caution wake turbulence. When aircraft touched down; it smoothly slid on the runway. When stopped; Captain asked SIC to check and see if there was a flat tire. SIC looked at the indicator outside the aircraft; and there was a blue dot in the landing configuration; which indicates a water landing. SIC told Captain they had landed gear up. SIC and Captain got out and checked the aircraft for damage. No damage was found. SIC and Captain contacted for help and were able to jack the aircraft up and mechanically drop the gear. The aircraft was then towed to the hangar for further inspection.,,[Report narrative contained no additional information.],,C208 Amphibian flight crew reported landing in FLL with the gear up; following a go-around that was directed by ATC. During the go-around; the flight crew encountered wake turbulence from a departing A320.,1,0,0,0,0,0,0,0,0,0,0,0,0,0,0,0,0,0,0,0,0,0,0,0,0,0,0,0,0,0,0,0,0,0,0,0,0,0,0,0,0,0,0,0,0,0,0,0,0,0,0,0,0,0,0,0,0,0,1,0,0,0,0,0,1,0,0,0,0,1,0,0,0,0,0,0,0,0,0,0,0,0,1,0,0,0,0,0,0,0,0
1265956,201505,1201-1800,ZZZZ.ARTCC,FO,,,,35000.0,VMC,,,Daylight,,,Center ZZZZ,Air Carrier,B777 Undifferentiated or Other Model,2.0,Part 121,IFR,Passenger,,Cruise,,,,,,,Unscheduled Maintenance,Inspection,,,,,,,,,,,,,,,,,Wing Leading Edge,Boeing,X,Malfunctioning,,,,,,,,,,,,,,,,,,,,,,,,,Aircraft X,Flight Deck,Air Carrier,First Officer; Pilot Not Flying,Flight Crew Air Transport Pilot (ATP),Flight Crew Last 90 Days 250; Flight Crew Total 23000,,Confusion,,,1265956,Aircraft X,Flight Deck,Air Carrier,Pilot Flying; Captain,Flight Crew Air Transport Pilot (ATP),Flight Crew Last 90 Days 250; Flight Crew Total 22000; Flight Crew Type 4500,,Confusion,,1265960.0,Aircraft Equipment Problem Less Severe,,Y,Person Passenger,In-flight,Aircraft Aircraft Damaged; Flight Crew Returned To Departure Airport; General Flight Cancelled / Delayed; General Maintenance Action,Aircraft,Aircraft,Passenger found delamination; damage and dent to the area behind the slat on the top part of wing. Maintenance could not guarantee that area would not continue to tear or peel back. Satcom voice also inoperative.,,Right wing damage or dent/deformation/delamination after inboard slat retraction. Reported by business class passenger sitting at window next to damage location.,,Flight crew reported that a passenger in business class on their B777 aircraft noticed damage; dents and delamination of the right wing upper surface behind the inboard slat; after slat retraction. Aircraft returned to departure airport when Maintenance could not guarantee the damaged area would not continue to tear or peel back.,0,0,1,0,0,0,0,0,0,0,0,0,0,0,0,0,0,0,0,0,0,0,0,0,0,0,0,0,0,0,0,0,0,0,0,0,0,0,0,0,0,0,0,0,0,0,0,0,0,0,0,0,0,0,0,0,0,0,0,0,0,0,0,1,0,0,0,0,0,0,0,0,0,0,0,1,0,0,0,0,0,0,0,0,0,0,0,0,0,0,0
1267320,201506,1801-2400,RIC.Airport,NY,,,0.0,,,Rain,,Night,,,,Fractional,Citation X (C750),2.0,Part 91,,,,Parked,,,,,,,,,,,,,,,,,,,,,,,,,APU,,X,,,,,,,,,,,,,,,,,,,,,,,,,,Aircraft X,Flight Deck,Air Carrier,Captain; Pilot Flying,Flight Crew Air Transport Pilot (ATP),,,Situational Awareness,,,1267320,,,,,,,,,,,Deviation / Discrepancy - Procedural Published Material / Policy; Ground Event / Encounter FOD,,,Person Flight Crew,Routine Inspection,Aircraft Aircraft Damaged; Flight Crew Became Reoriented; General Maintenance Action,Aircraft; Human Factors; Weather,Human Factors,While performing a postflight inspection; I was carrying a golf umbrella as there was moderate to heavy rain occurring at the time. The postflight was being performed at night so I had a flashlight in one hand and the umbrella in the other. After coming around the back outboard side of the right engine; I proceeded to inspect the aft right side of the fuselage; moving in a forward direction. As I went to inspect the underside of the right pylon; I looked upward. In doing this; the umbrella was tilted aft over my shoulder so I could see above me. The air intake to the APU; on the right side of the fuselage; provided enough suction to pull the umbrella up against the protective screen. I pulled the umbrella away immediately but the force of the umbrella being pulled into the protective screen resulted in the dislocation of the forward lower section; bottom section and approximately one-half of the rear section of the protective screen from its housing. I contacted maintenance about the event and filled out the aircraft log. Be aware of where you are on your preflight/postflight when utilizing an umbrella!,,,,CE750 Captain reports having his umbrella sucked up against the APU air intake during a night post flight inspection in the rain. The inlet screen is damaged.,0,0,0,0,0,0,0,0,0,0,0,0,0,0,0,0,0,0,0,0,0,0,0,0,0,0,0,0,0,1,0,0,0,0,0,0,0,0,0,0,0,0,0,0,0,0,0,0,0,0,0,0,0,0,0,0,0,0,0,0,0,0,0,0,0,0,0,0,0,1,0,0,0,0,0,1,0,0,0,0,0,0,1,0,0,0,0,0,0,0,1
1268746,201506,,ZZZ.Airport,US,,,0.0,,,,,,,,,Air Carrier,Regional Jet 700 ER/LR (CRJ700),2.0,Part 121,,Passenger,,Parked,,,,,,,,,,,,,,,,,,,,,,,,,Cargo Pit Compartment,Bombardier CRJ,X,Improperly Operated,,,,,,,,,,,,,,,,,,,,,,,,,Gate / Ramp / Line,,Air Carrier,Ramp,,,,Communication Breakdown; Training / Qualification,Party1 Ground Personnel; Party2 Ground Personnel; Party2 Other,,1268746,,,,,,,,,,,Aircraft Equipment Problem Critical; Deviation / Discrepancy - Procedural Published Material / Policy; Deviation / Discrepancy - Procedural FAR,,N,Person Ground Personnel,Aircraft In Service At Gate,Aircraft Aircraft Damaged,Human Factors; Environment - Non Weather Related; Company Policy; Aircraft,Company Policy,Air Carrier X Ramp Service in ZZZ took over the 'below the wing work' of Regional Operator X's aircraft. We have been trained and signed off to work ONLY ERJ-175 aircraft. No one in ZZZ ramp service has been trained; qualified and signed off by our Air Carrier Ramp Service Trainer to work CRJ or CRJ-700 (CRJ7) aircraft! In the June schedule; Regional Operator X's CRJ was scheduled and was [worked] by unqualified ramp service personnel and again on the [following day] there were four CRJ or CR7 aircraft that were scheduled and worked by untrained and unqualified ramp service personnel!I brought this issue to Ramp Supervisor X and told him no one is qualified to work that aircraft and should not have been touched by any ramp personnel. He said nothing and left the room. I brought up the same issue at the afternoon briefing on the [second day] with Supervisor Y and tried to explain that we were not qualified to work these CRJ and CRJ7 aircraft. Supervisor Y asked the crew if there was anyone qualified. Two people raised their hands saying that since they had worked the planes (even though they are not qualified and [not] signed off by our Air Carrier Ramp Service Trainer) they felt they were qualified. I tried to explain to Supervisor Y that no ramp service personnel were qualified and we could not work the planes. Supervisor Y then said 'Are you done?' Realizing that I could not possibly get my point across; I said; 'Yes; I'm done.'It is very difficult to argue your point with a Supervisor who summarily dismisses any safety concerns when brought up and would just not take a Lead Ramp Serviceman with 25 years ramp experience seriously. An hour or so later; a ramp service lead noticed that the crew working a CRJ or CR7 had hooked up the wrong towbar; and the towbar wasn't locked properly. This Ramp Serviceman saved that aircraft from very serious damage because he had worked these type of aircraft [at another airport]. Also; even later that evening; an ERJ175 aircraft that we are qualified to work; suffered an aircraft damage; taking a delay; rendering the Forward Cargo Compartment inoperable. What would have happened to the ramp crew if the damaged aircraft was a CRJ or CRJ7? Likely; Management would have gone through their records; saw that the two people involved were not qualified and signed off to work the aircraft and then fire them because they should have told management they were not qualified!,,,,An Air Carrier Ramp Lead expresses his safety concerns and also describes his work environment where company ramp personnel are being assigned to work a Regional Operator's CRJ-700 aircraft that they are not qualified or trained on. Company Management have been unresponsive to his concerns for safe operations.,0,1,0,0,0,0,0,0,0,0,0,0,0,0,0,0,0,0,0,0,0,0,0,0,0,0,0,0,0,0,0,0,0,0,0,0,0,0,0,0,0,0,0,0,0,0,0,0,0,0,0,0,0,0,0,0,0,0,0,0,0,0,1,0,0,0,0,0,0,0,0,1,0,0,0,1,0,0,0,1,1,0,1,0,0,0,0,0,0,0,0
1269344,201506,0601-1200,ZZZ.Airport,US,,,0.0,,VMC,,,Daylight,,,Tower ZZZ,Fractional,Gulfstream V / G500 / G550,2.0,Part 91,,,,Landing,,,,,,,,,,,,,,,,,,,,,,,,,,,,,,,,,,,,,,,,,,,,,,,,,,,,,Aircraft X,Flight Deck,Fractional,Captain; Pilot Not Flying,Flight Crew Air Transport Pilot (ATP),,,Troubleshooting; Situational Awareness,,,1269344,Aircraft X,Flight Deck,Fractional,First Officer; Pilot Flying,,,,Situational Awareness; Troubleshooting,,1269340.0,Aircraft Equipment Problem Less Severe; Ground Event / Encounter FOD,,,Person Flight Crew,Routine Inspection,Aircraft Aircraft Damaged; General Maintenance Action,Environment - Non Weather Related,Environment - Non Weather Related,During post flight and re-fueling at ZZZ crew noticed a gash in the aircraft skin just forward of the single point refueling door.  Gash was about 16 inches long and �? inch wide and was symmetrical and squared at each end. The gash was directly in line and aft of the right nose gear.  It appears that FOD was flipped up by the nose wheel on takeoff or landing leading to damage.  However; no unusual noises or vibrations were noted by crew but takeoff and landings are noisy events.  Preflight inspection was performed by Pilot in Command (PIC) with no damage noted.  Both pilots performed pilot's walk around with no damage noted. Both pilots have a habit of either opening and inspecting fuel door or physically touching the door to ensure it is securely closed.  It would be virtually impossible to physically touch the refueling door and not notice the gash.,,Upon post-flight inspection in ZZZ; an indentation/gash of approximately one inch wide and 16 inches long was discovered on the underside of the aircraft. The cut did not appear to puncture deep enough to impact the pressure vessel. The length of the cut was in-line with the aircraft and appears to be in a prime location for an object (FOD) to have been kicked up by the nose-wheel on takeoff or landing. An independent walk around was performed by each crew member on the ground prior to flight; per SOPs. Due to the location of the strike near the single point re-fuel point; we are both certain the damage was not there prior to taxi-out. Upon discovery; a sweep of the runway in ZZZ was requested and no obvious object for the damage was found.,,Upon post flight inspection a gash was noticed on the underside of the aircraft near the single point refueling station. The reporter attributed the damage to FOD encountered during the takeoff or landing phase.,0,0,1,0,0,0,0,0,0,0,0,0,0,0,0,0,0,0,0,0,0,0,0,0,0,0,0,0,0,1,0,0,0,0,0,0,0,0,0,0,0,0,0,0,0,0,0,0,0,0,0,0,0,0,0,0,0,0,0,0,0,0,0,0,0,0,0,0,0,1,0,0,1,0,0,0,0,0,0,0,1,0,0,0,0,0,0,0,0,0,0
1270370,201506,1201-1800,ZZZ.Airport,US,,,0.0,,VMC,,,Daylight,,,,Personal,Bonanza 33,,Part 91,VFR,Personal,,Landing,Visual Approach,Class E ZZZ; Class G ZZZ,,,,,,,,,,,,,,,,,,,,,,,,,,,,,,,,,,,,,,,,,,,,,,,,,,,Aircraft X,Flight Deck,Personal,Single Pilot; Pilot Flying,Flight Crew Commercial; Flight Crew Instrument,Flight Crew Last 90 Days 1.8; Flight Crew Total 395; Flight Crew Type 395,,Distraction; Training / Qualification,,,1270370,,,,,,,,,,,Deviation / Discrepancy - Procedural Published Material / Policy,,N,Person Flight Crew,In-flight,Aircraft Aircraft Damaged,Human Factors; Procedure; Aircraft; Airport,Human Factors,The flight involved a short trip to a new airport for a short weekend visit.... The flight concluded with a hard landing; which resulted in inappropriate braking and a blown left main tire. As the approach unfolded; the correct answer was to go around and set up with less energy. I was aware of that alternative and decided at the time that it was less desireable than proceeding with the landing; as I felt the airspeed was close enough that I could handle the landing. However; the plane continued to float and I had reservations about aborting in a full flap condition at low airspeed; so I continued the landing and tried to get the plane on the ground prematurely; which is a recipe for bouncing in a tricycle geared airplane.The runway does have a 1.3% slope in the the direction of the landing. Glide slope indicators had been NOTAM'd Out of Service (OTS). The 4;000 foot x 75 feet runway should not have been uncomfortably short or narrow for me landing a Bonanza F33; with proper energy management. No one was injured and there is no other apparent damage to the airplane other than the tire. It is difficult to single out a single causal factor for this poor landing; but the prominent one probably was lack of recent flying experience.... I was legally current; but not as proficient as I could have been or should have been for flying a high-performance; complex airplane into an unfamiliar airport like the incident airport.I; like others who have been legally current but not sufficiently proficient because of inactivity; usually do not have a problem; unless there are other contributing; or I would prefer to say complicating; factors. There were several here; and that's perhaps the biggest lesson:  yes; you can fly with relatively low recent experience--if there are no other contributing; or complicating; factors.... Looking back; I should have canceled this flight before it began. One check ride was not enough to give me a good margin of safety for a trip such as this; especially considering my mentally tired condition....,,,,General Aviation Pilot experienced a hard landing and blown tire after floating results from excessive speed on approach to a down-sloping runway.,0,0,0,0,0,0,0,0,0,0,0,0,0,0,0,0,0,0,0,0,0,0,0,0,0,0,0,0,0,0,0,0,0,0,0,0,0,0,0,0,0,0,0,0,0,0,0,0,0,0,0,0,0,0,0,0,0,0,0,0,0,0,0,0,1,0,0,0,0,0,0,1,0,0,0,1,1,0,0,0,0,0,1,0,0,0,0,1,0,0,0
1270450,201506,0601-1200,ZZZ.Airport,US,,,0.0,,VMC,,,Daylight,,,Tower ZZZ,Personal,Skyhawk 172/Cutlass 172,2.0,Part 91,,Training,,Landing,Visual Approach,Class D ZZZ,,,,,,,,,,,,,,,,,,,,,,,,,,,,,,,,,,,,,,,,,,,,,,,,,,,Aircraft X,Flight Deck,Personal,Instructor; Pilot Not Flying,Flight Crew Commercial; Flight Crew Instrument; Flight Crew Flight Instructor,Flight Crew Last 90 Days 80; Flight Crew Total 340,,Distraction; Workload; Training / Qualification; Situational Awareness,,,1270450,,,,,,,,,,,Aircraft Equipment Problem Less Severe; Deviation / Discrepancy - Procedural FAR; Deviation / Discrepancy - Procedural Published Material / Policy; Ground Event / Encounter Ground Strike - Aircraft; Inflight Event / Encounter Loss Of Aircraft Control,,,Person Flight Crew,Pre-flight,Aircraft Aircraft Damaged; Flight Crew Became Reoriented,Company Policy; Human Factors; Procedure,Human Factors,While practicing touch and goes with a student; after touchdown the student released back pressure on the yoke dropping the nose; this put the aircraft in an attitude that almost flipped the plane sideways. She proceeded to apply back pressure and right rudder since the airplane was veering left; this sent us heading right towards the edge of the runway 35L; I proceeded to take over the controls; applying full power and trying to rotate the aircraft before it flew off the side of the runway; and in the process; the left wing tip and left elevator tip appeared to struck the gravel (I did not notice this while in flight). I managed to rotate and stabilize the aircraft and proceeded to fly the pattern again and come in for a full stop landing. I failed to run a thorough post flight and did not notice the damage to both the wing tip and the scrapped elevator tip. Also on Sunday I went out with a different student for a flight and again failed to notice the damage on the aircraft; given that the student had done previous preflights properly and I had instructed her that in the case of noticing anything strange; missing or out of place; she should notify me immediately for me to inspect and assess; she failed to notify me of the damage and we proceeded to fly staying in the pattern for 1.1 hours and 9 landings.,,,,A student pilot lost control of the aircraft during landing but the instructor recovered. Both pilots failed to notice wing tip and horizontal stabilizer damage during postflight. His next student also did not see the damage during preflight; but discovered it during that postflight.,0,0,1,0,0,0,0,0,0,0,0,0,0,0,0,0,0,0,0,0,0,0,0,0,0,0,0,0,0,0,0,0,0,1,0,0,0,0,0,0,0,0,0,0,0,0,0,0,0,0,0,0,0,0,0,0,0,0,0,0,0,0,0,0,1,0,0,0,0,1,0,1,0,1,0,0,0,0,0,1,0,0,1,0,0,0,0,1,0,0,0
1270670,201506,1801-2400,ZZZ.Airport,US,,,0.0,,,,,Night,,,,,Embraer Phenom 300,,,IFR,Passenger,,Taxi; Landing,,,N,,Y,,Unscheduled Maintenance,Repair; Inspection; Work Cards,,,,,,,,,,,,,,,,,Wheels/Tires/Brakes,Embraer,X,Design; Malfunctioning,,,,,,,,,,,,,,,,,,,,,,,,,Aircraft X,Flight Deck,Other Unknown,Captain,Flight Crew Air Transport Pilot (ATP),,,Troubleshooting; Confusion; Communication Breakdown,Party1 Flight Crew; Party2 Maintenance,,1270670,,,,,,,,,,,Aircraft Equipment Problem Critical,,N,Person Flight Crew,Other During Landing Roll,Aircraft Aircraft Damaged; General Maintenance Action,Aircraft; Chart Or Publication; Human Factors; Manuals,Aircraft,After a Phenom was grounded for maintenance in Airport ZZZ for a jerk to the left when stopping; the tires were changed and a brake assembly was repaired.  As soon as it flew to Airport ZZZ1; the right brake assembly caught fire.  I have no clue what type of maintenance is performed on airplanes that results in brakes catching fire!!! No words. Off Duty Pilot. Airline Transport Pilot.,,,,An off duty pilot reports about an EMB-505 (Phenom 300) aircraft that was grounded for a jerk to the left when stopping. Tires were changed and a Brake Assembly was repaired. As soon as it landed at the next airport; the Right Brake Assembly caught fire.,0,1,0,0,0,0,0,0,0,0,0,0,0,0,0,0,0,0,0,0,0,0,0,0,0,0,0,0,0,0,0,0,0,0,0,0,0,0,0,0,0,0,0,0,0,0,0,0,0,0,0,0,0,0,0,0,0,0,0,0,0,0,1,1,0,0,0,0,0,0,0,0,1,0,0,1,0,0,1,0,0,0,1,0,0,0,1,0,0,0,0
1270842,201506,1201-1800,ZZZ.Airport,US,,,0.0,,VMC,,,Daylight,,,,Air Carrier,B737-800,2.0,Part 121,IFR,,,Taxi,,,,,,,,,,,,,,,,,,,,,,,,,,,,,,,,,,,,,,,,,,,,,,,,,,,,,Aircraft X,Flight Deck,Air Carrier,Captain; Pilot Flying,,Flight Crew Last 90 Days 119; Flight Crew Type 9000,,Situational Awareness; Confusion; Communication Breakdown,Party1 Flight Crew; Party2 Ground Personnel,,1270842,Aircraft X,Flight Deck,Air Carrier,Check Pilot; Pilot Not Flying; First Officer,Flight Crew Air Transport Pilot (ATP),Flight Crew Last 90 Days 215; Flight Crew Total 12500,,Situational Awareness; Confusion; Communication Breakdown,Party1 Flight Crew; Party2 Ground Personnel,1270848.0,Deviation / Discrepancy - Procedural Published Material / Policy; Ground Event / Encounter Vehicle,,,Person Ground Personnel,Taxi,Aircraft Aircraft Damaged; General Maintenance Action,Human Factors; Procedure; Airport,Human Factors,During taxi in to Gate at Airport; I followed the lead-in line which branched off the taxiway. We cleared the safety zone as we approached the gate.The fuel truck was just outside the right side of the safety zone.  There was a Company Ground person standing next to the truck. The Marshaler was signaling that we were on the taxi line and approaching the stop bar. As I brought the aircraft to a stop; my Check Airman said 'STOP'. He then informed me that our winglet had contacted the fuel truck.,,Taxiing in to Gate; the (PF) was taxiing on the yellow line; I was PM in the right seat. We cleared the safety zone as we approached the gate. The fuel truck was just outside the right side of the safety zone. There was a Company ground person standing next to the truck. I looked back out the front to check how the PF was taxiing and we were on the taxi line; and the Marshaler was signaling that we were on the taxi line and approaching the stop bar. I then looked back just as the winglet hit the top of the fuel truck and the Company ground person signaled stop. I said 'stop' to the PF and he was stopping at that time.,,While taxiing to the gate with guidance from ground personnel the flight crew reported that the aircraft wingtip struck a ground vehicle,0,0,0,0,0,0,0,0,0,0,0,0,0,0,0,0,0,0,0,0,0,0,0,0,0,0,0,0,0,0,0,0,0,0,0,0,0,0,0,0,1,0,0,0,0,0,0,0,0,0,0,0,0,0,0,0,0,0,0,0,0,0,1,1,0,0,0,0,0,1,0,0,0,0,0,0,1,0,0,0,0,0,1,0,0,0,0,1,0,0,0
1271084,201506,0601-1200,ZZZ.Airport,US,,,,3000.0,VMC,,,Daylight,,,Center ZZZ,Personal,Military Trainer,1.0,Part 91,,Personal,,Initial Climb,Direct,Class E ZZZ,,,,,,,,,,,,,,,,,,,,,,,Propeller Blade,,X,Failed,,,,,,,,,,,,,,,,,,,,,,,,,Aircraft X,Flight Deck,Personal,Pilot Flying; Single Pilot,Flight Crew Private; Flight Crew Multiengine,Flight Crew Last 90 Days 20; Flight Crew Total 500; Flight Crew Type 300,,Workload; Troubleshooting; Training / Qualification; Situational Awareness,,,1271084,,,,,,,,,,,Aircraft Equipment Problem Less Severe,,,Person Flight Crew,In-flight,Aircraft Aircraft Damaged; Flight Crew Returned To Departure Airport; Flight Crew Took Evasive Action; Flight Crew Landed in Emergency Condition; General Maintenance Action,Aircraft,Aircraft,I took off in my antique military trainer heading for a nearby airport's airshow.  I was still climbing at about 3;000 feet and a chunk of the leading edge of the Sensenich wood propeller including the brass leading edge came off in flight resulting in heavy vibration.   I determined that I could reduce power and significantly reduce the vibration while still maintaining a safe flying speed.   I did a 180 degree turn and returned for an uneventful landing at my home Airport.  I have since replaced the propeller with a newly manufactured Sensenich propeller of the same model.There were no injuries or any additional damage to the aircraft.,,,,The wooden blade of an antique trainer's propeller separated in flight; so the pilot reduced power and safely returned to his home airport.,0,0,1,0,0,0,0,0,0,0,0,0,0,0,0,0,0,0,0,0,0,0,0,0,0,0,0,0,0,0,0,0,0,0,0,0,0,0,0,0,0,0,0,0,0,0,0,0,0,0,0,0,0,0,0,0,0,0,0,0,0,0,0,0,0,0,0,0,0,1,0,1,1,1,0,1,0,0,0,0,0,0,0,0,0,0,0,0,0,0,0
1271241,201506,0001-0600,ZZZ.Airport,US,,,1000.0,,VMC,,,,,,TRACON ZZZ,Air Carrier,A319,2.0,Part 121,IFR,Passenger,,Takeoff / Launch,,Class B ZZZ,,,,,,,,,,,,,,,,,,,,,,,Lubrication Oil,,X,Malfunctioning,,,,,,,,,,,,,,,,,,,,,,,,,Aircraft X,Flight Deck,Air Carrier,Pilot Flying; Captain,Flight Crew Air Transport Pilot (ATP),,,Confusion; Troubleshooting; Workload,,,1271241,Aircraft X,Flight Deck,Air Carrier,Pilot Not Flying; First Officer,Flight Crew Air Transport Pilot (ATP),,,Confusion; Workload; Troubleshooting,,1271242.0,Aircraft Equipment Problem Less Severe,,,Automation Aircraft Other Automation; Person Flight Crew,In-flight,Air Traffic Control Provided Assistance; Aircraft Aircraft Damaged; Flight Crew Returned To Departure Airport; Flight Crew Landed in Emergency Condition,Aircraft,Aircraft,We finally got going [after being delayed]; boarded; and pushed back with no faulty indications. Taxied out and took off runway XXR. At rotation; heard the click of a generator coming offline. Continued climbout; at thrust reduction altitude 2 ECAMs appeared: 'ELEC IDG 2 OIL LO PR' & 'ELEC GEN 2 FAULT'. The IDG2 was illuminated with a fault; we ran the ECAM as we continued to climb out. We disconnected the IDG and started the APU to get another generator going. As we climbed out; the APU came up and carried the load. At this point we discussed our options; I contacted Maintenance and Dispatch via ACARS; talked to the flight attendants and people. We climbed up to an altitude of FL230 and looked at new fuel burn of having to go all the way across the country to [destination] with only one working engine generator. We would've had to stay lower and run the APU the entire way; burning all of our contingency fuel doing so; even knowing there was weather to deviate around on the way and no buffer should something else happen. Dispatch requested us to continue to [destination]; but I was not confident in that plan. So; for safety of flight and fuel burn and also not knowing what had gone on to cause the IDG to fault; we decided to return to ZZZ. We burned a little fuel while up there getting vectors from Approach; and requested a return to ZZZ with no emergency at this time; but requested they have fire and rescue standing by. They coordinated it; and since we figured it was going to take an hour and a half to burn the gas; we elected to run the overweight landing checklist and return overweight. We took a few vectors; then guidance back for a landing on Runway XXR ZZZ. Right outside ZZZZZ intersection; and ADV white message started flashing along with the ENGINE page on the ECAM. ENGINE 2 had developed an oil leak and rapidly lost most of its oil. The ENG 2 oil quantity got all the way down to 2.4 quarts. To attempt to ease the load on ENG 2; brought the thrust back to idle and continued approach at low power setting as long as possible. We unloaded the packs to the APU; watched our vertical speed and had a smooth touchdown on Runway XXR at a weight of 141.3. ENG 2 oil levels at touchdown were 2.3 quarts and pulsing on ECAM. Fire and rescue saw no problems with us; but did follow us to the gate. We shut down ENG 2 on taxi in. Upon arrival at gate; maintenance met us and immediately recognized that the IDG had clearly been over serviced before departure. Oil was all over the engine; streaking down and back all over it. They told us the IDG 2 had probably blown and when that happened; the pressure increased eventually and cause the strain on an oil seal in ENG 2 which led to our OIL leak. They began repairs and changing seals; with an estimate of at least 3 hours for a fix.,,On takeoff role I heard a 'click' sound as if electrical power had been transferred (when EXT power is transferred to APU). We continued takeoff role. On climb out I briefly looked at the overhead panel and noticed GEN2 fault and IDG2 fault. At 1000AGL we received the ECAM message confirming both faults.We continued the SID as briefed while captain ran ECAM and COM. We then discussed options and the captain communicated with ATC; OPS; MX. Due to altitude restrictions to FL330 and needing to run the APU as a substitute for GEN2 for the remainder of the 3.5 hour flight to [destination] we concluded we did not have enough fuel to continue the flight. This was against dispatches recommendation to continue. At this point we were vectored off the SID and descended to FL120 with the intention of burning fuel due to being overweight for landing. After attending to the mechanical failures and running checklist and discussing options we then evaluated our current fuel and time to burn it off to land under max landing weight. We realized that we would have to fly for an estimated additional 1.5hours and concluded the best course of action would be to land overweight and comply with overweight landing procedure. We then were assigned the ILS Runway XXL approach followed by a runway change to Runway XXR (the longer runway) for a visual. On final approach we then noticed ENG 2 oil QTY had dropped down to 2 qts. We concluded that there was a rapid oil leak. The captain monitored the oil qty while I flew the approach. We landed without incident.,,An A319 flight crew were alerted by two ECAM messages: 'ELEC IDG 2 OIL LO PR' & 'ELEC GEN 2 FAULT.' They ran the ECAM checklists and brought the APU online for backup electrical power. They elected to return to their departure airport. During arrival they were alerted to the fact the ENG 2 had developed an oil leak. They landed overweight; but uneventfully and secured the number 2 ENG on taxi in.,0,0,1,0,0,0,0,0,0,0,0,0,0,0,0,0,0,0,0,0,0,0,0,0,0,0,0,0,0,0,0,0,0,0,0,0,0,0,0,0,0,0,0,0,0,0,0,0,0,0,0,0,0,0,0,0,0,0,0,0,0,0,0,1,0,0,0,0,0,0,0,0,1,1,0,1,0,0,0,0,0,0,0,0,0,0,0,0,0,0,0
1271294,201506,0601-1200,ZZZZ.ARTCC,FO,,,,37000.0,VMC,,,Daylight,,,Center ZZZZ,Air Carrier,Widebody Transport,2.0,Part 121,IFR,Cargo / Freight / Delivery,,Cruise,,,,,,,,,,,,,,,,,,,,,,,,,Cockpit Window,,X,Failed,,,,,,,,,,,,,,,,,,,,,,,,,Aircraft X,Flight Deck,Air Carrier,Captain; Pilot Flying,Flight Crew Air Transport Pilot (ATP),,,Confusion; Distraction,,,1271294,,,,,,,,,,,Aircraft Equipment Problem Less Severe,,,Person Flight Crew,In-flight,Air Traffic Control Provided Assistance; Aircraft Aircraft Damaged; Flight Crew Diverted,Aircraft; Company Policy; Manuals,Aircraft,In cruise flight at FL370; heard a loud pop and observed Captain's windscreen shatter.  Pressurization remained good.  No arcing observed before or after. I referenced closest airfields; requested [expedited] descent and divert to ZZZZ.  ATC cleared us to descend to FL200 IAW QRH procedure for cracked window.  I passed the pilot flying duties to my first officer due to very limited forward visibility on my side.  Uneventful divert to ZZZZ.,,,,Air carrier flight crew diverted after the Captain's windscreen shattered in cruise flight. In accordance with company policy and QRH procedure; they landed at the nearest suitable airfield.,0,0,1,0,0,0,0,0,0,0,0,0,0,0,0,0,0,0,0,0,0,0,0,0,0,0,0,0,0,0,0,0,0,0,0,0,0,0,0,0,0,0,0,0,0,0,0,0,0,0,0,0,0,0,0,0,0,0,0,0,0,0,0,1,1,0,0,0,0,0,0,0,0,0,0,1,0,0,0,1,0,0,0,0,0,0,1,0,0,0,0
1271655,201506,1201-1800,ZZZ.Airport,US,,,0.0,,VMC,10,,Daylight,10000,,Tower ZZZ,Personal,PA-24 Comanche,,Part 91,VFR,Personal,,Landing,Direct,,,,,,,,,,,,,,,,,,,,,,,,Brake System,,X,Malfunctioning,,,,,,,,,,,,,,,,,,,,,,,,,Aircraft X,Flight Deck,Personal,Pilot Flying; Single Pilot,Flight Crew Private,Flight Crew Last 90 Days 14; Flight Crew Total 3550; Flight Crew Type 3103,,Situational Awareness,,,1271655,,,,,,,,,,,ATC Issue All Types; Aircraft Equipment Problem Less Severe; Conflict Airborne Conflict; Ground Event / Encounter Loss Of Aircraft Control; Ground Excursion Runway,,,Person Air Traffic Control,In-flight,Air Traffic Control Issued New Clearance; Aircraft Aircraft Damaged,Aircraft; Human Factors,Aircraft,Flew to approximate location of the outer marker. Tower cleared me to land [Runway] 17R. Turned to 17R but there was another aircraft landing on 17R. Lined up for Runway - Gear was down; etc. then Tower said turn left 30 degrees and I turned left. A third plane came on the frequency. Tower instructed me to go to 17L. I have no idea why I was not allowed to continue & land on 17R; as I was already on Final. Turned for 17L and lined up with the water runway With the reflection it looked like a Paved runway. Advised tower of my mistake; - then advised that I would go to runway 17L. Landed a little long; hit the toe brakes and was all over the place. Then tried the hand brake; and was all over the runway still. No braking effect at all. Did not realize that the right brake was not working and that the left brake was working.Then held hard on the hand brake and went left into the ditch. We had on seat belts and shoulder harness which held us.,,,,The pilot of a Piper Comanche experienced a loss of braking control during landing rollout resulting in a runway excursion.,1,0,1,0,0,0,0,0,0,0,0,0,0,0,0,0,0,0,0,0,0,0,0,0,0,0,0,0,0,0,0,0,0,0,0,0,0,0,0,0,0,0,0,1,0,0,0,0,0,0,0,0,0,0,0,0,0,0,0,0,0,0,0,0,0,0,0,0,0,1,0,0,0,0,0,1,0,0,0,0,0,0,1,0,0,0,0,0,0,0,0
1273241,201506,1201-1800,ZZZ.Airport,US,,,0.0,,VMC,10,,Daylight,CLR,,Tower ZZZ,,Cessna 180 Skywagon,2.0,Part 91,,Training,,Landing,Visual Approach,Class D ZZZ,,,,,,,,,,,,,,,,,,,,,,,,,,,,,,,,,,,,,,,,,,,,,,,,,,,Aircraft X,Flight Deck,FBO,Pilot Not Flying; Instructor,Flight Crew Flight Instructor; Flight Crew Commercial,Flight Crew Last 90 Days 72; Flight Crew Total 6570; Flight Crew Type 60,,Training / Qualification,,,1273241,,,,,,,,,,,Ground Event / Encounter Loss Of Aircraft Control; Ground Event / Encounter Ground Strike - Aircraft; Inflight Event / Encounter Weather / Turbulence,,,Person Flight Crew,In-flight,Aircraft Aircraft Damaged,Human Factors; Weather,Human Factors,My student and I were conducting flight training in a tailwheel aircraft towards his Private Pilot Certificate. He has 60 hours of dual; including a solo flight; in the same aircraft. The winds at ZZZ were 130 degrees at 6 knots at the time and the runway in use was 18. My student landed and we performed a touch and go. We went around the pattern for our second approach and were cleared to land. After a short landing rollout; the airplane started to weather vane to the left towards the crosswind and he applied the right brake to stop the longitudinal rotation towards the side of the runway. The airplane continued to turn and more brakes were applied; causing it to nose over on the runway. The airplane came to a stop with a bent prop and cowling. We climbed out uninjured and waited for the emergency services to arrive. The airplane was recovered a short time later with no airframe damage.,,,,Cessna 180 instructor pilot reported his student lost directional control after landing and the aircraft nosed over; causing damage to the prop and cowling.,0,0,0,0,0,0,0,0,0,0,0,0,0,0,0,0,0,0,0,0,0,0,0,0,0,0,0,0,0,0,0,0,0,1,0,0,0,0,0,0,0,0,0,0,0,0,0,0,0,0,0,0,0,0,0,0,0,0,0,1,0,0,0,0,0,0,0,0,0,0,0,1,0,0,0,0,0,0,0,0,0,0,1,0,0,0,0,0,0,0,1
1273508,201506,0601-1200,ZZZ.Airport,US,,,0.0,,VMC,,,Daylight,,,Tower ZZZ,FBO,PA-44 Seminole/Turbo Seminole,2.0,Part 91,,Training,,Landing,Visual Approach,Class D ZZZ,,,,,,,,,,,,,,,,,,,,,,,,,,,,,,,,,,,,,,,,,,,,,,,,,,,Aircraft X,Flight Deck,FBO,Pilot Not Flying; Instructor,Flight Crew Multiengine; Flight Crew Instrument; Flight Crew Flight Instructor; Flight Crew Air Transport Pilot (ATP),Flight Crew Last 90 Days 67; Flight Crew Total 3398; Flight Crew Type 191,,Workload; Situational Awareness; Distraction; Confusion,,,1273508,,,,,,,,,,,Inflight Event / Encounter Unstabilized Approach; Inflight Event / Encounter CFTT / CFIT,,,Person Flight Crew,In-flight,Aircraft Aircraft Damaged; Flight Crew Returned To Departure Airport; Flight Crew Landed As Precaution; Flight Crew Executed Go Around / Missed Approach; General Maintenance Action,Aircraft; Human Factors,Human Factors,This morning I was on a routine training flight with a multiengine commercial student. We were working on [a] lesson; which is the last flight before the stage check and is a review of all of the maneuvers from the course. At the end of the flight; we were working through a simulated engine failure after lift-off. This means that we had taken off from 17L; and I had simulated an engine failure for her by retarding the throttle on the left engine at approximately 600 FT AGL. We flew the circuit around the traffic pattern with standard procedures; however the gear down had been delayed due to aircraft performance while flying on one engine. As a note; the gear warning horn sounds the entire time that the throttle is retarded below approximately 14' manifold pressure. So the gear warning horn had been sounding the entire time we were in the traffic pattern. As the student was coming in to land; I was focused on her directional control and runway distance being used during her flare.As she rounded out and the aircraft started to settle; we began to notice it felt slightly lower than usual; and began to hear metal scraping noises at that time. When we heard the noise; the student released the controls and began screaming; 'oh my gosh; oh my gosh!' With the airplane being in a nose-high attitude; we thought it was the tailskid and the bottom comm. antenna that were scraping and did not notice any reduced engine performance. Because the airplane had not settled; I took the controls the moment I heard the metal scraping noise and added power for a go-around. As we lifted off; there was no perceivable degradation in performance; so we continued to climb...assuming we had just scraped the tailskid or maybe a small aft portion of the fuselage. The moment the metal scraping noise stopped; there were no indications in the cockpit that there had been a propeller strike. There was no extra vibration and all instrument indications were otherwise normal. I flew the airplane around the traffic pattern; ran the checklists as normal; verified all engine indications and landing gear down indications; and landed the airplane. We did not declare an emergency or require assistance since we did not initially suspect substantial damage and there was no perceivable degradation in performance. As I taxied back in I pulled directly up to the maintenance hangar and shutdown the airplane. It was as we reduced the power during shutdown that I noticed a color change in the tips of the propeller arcs and realized we had most likely struck the props. Upon shutdown; we exited the airplane and were met by mechanics to survey the damage.During the damage survey; maintenance took photos and we discussed the event. I then proceeded to call the Tower to check in and see what we needed to do for them and provide any additional information they needed. From that point; Maintenance took control of the aircraft and I proceeded; with the student; to our Department Chair's office to debrief the situation and initiate the necessary protocols for the school. While in their office; I double-checked NTSB 830 to verify that we did not require an immediate notification (which we did not); and then the student and I proceeded to Human Resources to accomplish the required drug screening.,,,,During a training flight with a simulated engine failure; the pilots neglected to extend the landing gear; but were able to go around after minimal contact with the runway. The gear warning horn sounded the entire time prior to the go-around as the throttle was retarded to simulate zero thrust.,0,0,0,0,0,0,0,0,0,0,0,0,0,0,0,0,0,0,0,0,0,0,0,0,0,0,0,0,0,0,0,0,0,0,0,0,0,0,0,0,0,0,0,0,0,0,0,0,0,0,0,0,0,0,0,0,1,0,0,0,0,0,0,1,1,0,0,0,0,1,0,0,0,1,0,1,0,0,0,0,0,0,1,0,0,0,0,0,0,0,0
1274931,201506,1201-1800,,,,,200.0,,VMC,,,Daylight,,,CTAF ZZZ,Personal,Cessna 170,2.0,Part 91,,Training,,Final Approach,,Class G ZZZ,,,,,,,,,,,,,,,,,,,,,,,Reciprocating Engine Assembly,,X,Failed,,,,,,,,,,,,,,,,,,,,,,,,,Aircraft X,Flight Deck,Personal,Pilot Flying; Instructor,Air Traffic Control Fully Certified; Flight Crew Multiengine; Flight Crew Flight Instructor; Flight Crew Instrument,Air Traffic Control Radar 23; Flight Crew Last 90 Days 110; Flight Crew Total 10655; Flight Crew Type 19.7,,Situational Awareness; Training / Qualification,,,1274931,,,,,,,,,,,Aircraft Equipment Problem Critical; Deviation / Discrepancy - Procedural Published Material / Policy; Ground Event / Encounter Object; Inflight Event / Encounter Object,,,Person Flight Crew,In-flight,Aircraft Aircraft Damaged; Flight Crew Took Evasive Action; Flight Crew Landed in Emergency Condition,Aircraft; Human Factors,Ambiguous,Student's first lesson with second student in backseat. After 20 minutes of taxiing instruction; we departed the airport and flew for 20 minutes; remaining within 3 miles of the departure point. Returning to land; while on final; advanced power because aircraft was low and discovered the engine had lost all power. Aircraft was beyond gliding distance to the runway so made a 20 degree right turn and landed on a paved road located just to the right of extended runway center line. Had to cross a 7 foot high fence to make the road. Cleared the fence and subsequently stalled the aircraft between 10 & 15 feet. Made hard landing on center line of road. Road had a gentle curve to the right and I was unable to keep the aircraft on the road. Aircraft went off the road on the left side; struck a 6' pine log lying on the shoulder which pulled the aircraft further left. Aircraft left wing made contact with the 7 foot fence that paralleled the road. Wing tip then made contact about 12 inches inboard of wing tip with a large wooden fence post that caused the aircraft to ground loop to the left. FAA investigation revealed a large quantity of water in the right tank & the gascolator was full of water. Subsequently discovered the right wing tank cap seal was bad. That and combination of recessed fuel caps and sitting outside for several days of rain showers explained the source of water. Extensive pre-flight of aircraft while giving 2 students instruction and drained all sumps. Did not notice that the 'fluid' drained from the right wing was all water. (Over 16 ounces of water was drained).  This was my first flight in this aircraft for new owners and preflight was during a light drizzle from a rain shower that had just passed. I did not remove or examine the fuel caps as I did not want to allow the water trapped in the cap recess to get into the tank. I noticed that the 'Fluid' from the right wing wasn't proper color but attributed this to auto fuel that had been used previously. Smelled the 'fluid' and it had the odor of Auto fuel. Obviously; when I drained the fuel sampler; I didn't notice any water droplets remaining in the sampler. I did notice on the gascolator that the fuel was blue but still had an auto fuel odor. Oddly enough; when I drained the left tank; I intentionally caught water dripping off the flap to show the students what water looked like in a fuel sampler.  Lesson learned: If it ain't BLUE; don't fly. I never liked auto fuel in aircraft anyway. Although the engine stoppage was not due to auto fuel; I don't think I would have dismissed the fuel color had I not thought auto fuel was still in the tanks.,,,,Cessna 170 Instructor experiences engine stoppage beyond gliding distance from the airport and lands on a narrow road. A hard landing ensues and the aircraft cannot be kept on the road  as it curves to the right and a fence post is struck with left wingtip.,0,1,0,0,0,0,0,0,0,0,0,0,0,0,0,0,0,0,0,0,0,0,0,0,0,0,0,0,0,0,0,0,0,0,0,0,0,1,0,0,0,0,0,0,0,0,0,0,0,0,0,0,0,0,1,0,0,0,0,0,0,0,0,0,0,0,0,0,0,1,0,1,0,0,0,1,0,0,0,0,0,0,1,0,0,0,0,0,0,0,0
1275070,201507,0001-0600,ZZZ.Airport,US,,,0.0,,,,,,,,Ramp ZZZ,Air Carrier,Q400,2.0,Part 121,,Passenger,,Taxi,,,,,,,,,,,,,,,,,,,,,,,,,,,,,,,,,,,,,,,,,,,,,,,,,,,,,Aircraft X,Flight Deck,Air Carrier,Captain; Pilot Flying,Flight Crew Air Transport Pilot (ATP),,,Time Pressure; Situational Awareness; Communication Breakdown; Confusion,Party1 Flight Crew; Party2 Ground Personnel,,1275070,Aircraft X,Flight Deck,Air Carrier,First Officer; Pilot Not Flying,,,,Confusion; Communication Breakdown; Situational Awareness; Time Pressure,Party1 Flight Crew; Party2 Ground Personnel,1275071.0,Deviation / Discrepancy - Procedural Published Material / Policy; Ground Event / Encounter Vehicle,,,,,Aircraft Aircraft Damaged; General Flight Cancelled / Delayed; General Maintenance Action,Procedure; Human Factors,Human Factors,Pushback from spot A fifteen minutes late due to a late arrival.  Ramp control cleared us to push tail deep to allow spot B to push.  During the pushback the aircraft at spot B started their push.  The tug operator pushed deep but did not provide a lot of room for the aircraft pushing off of spot B.  I thought about asking the tug driver to push a little deeper but then I saw the aircraft pushing from spot B had already joining whisky and it looked like there was enough room so I didn't say anything.  About this time the aircraft came to a complete stop and I heard the tug driver say set brake.  I do not recall the exact exchange; whether he used the whole phraseology of 'pushback complete set brakes' or not.  The CVR should shed light on this.  At any rate I set the brake as instructed and just as I was saying 'brakes set' the tug lurched forward.   The aircraft jolted and came to a stop with the nosewheel on the tug.  When this happened; instinctively realizing what was happening and without thinking I released the park brake but it was too late the nose was already on the tug.  In hindsight I probably shouldn't have released the park brake but it was an unconscious reaction to what was happening and I didn't even realize I had released the brake until sometime afterwards when I noticed it was not engaged.  I reset it at that point to prevent the aircraft from moving.  Immediately following the accident I asked the tug driver if he was ok but there wasn't any response.  From this point forward I lost all ground communications with the ramp.  The tug driver looked ok from looking out the windshield.  The jolt wasn't strong enough to have hurt anyone on the airplane.  I asked my first officer if he heard the tug driver say set brake and he said yes.  The first officer told ramp control that we were stuck.  Several ground managers approached the airplane.  I couldn't communicate with any of them so I tried to call ops to try to get some information on what had happened.  I made a PA to the passengers and told them what had happened and that I would update them when I had more information.  At this point I didn't know the severity of the incident whether the tug could be removed or whether after a maintenance inspected the nosewheel the aircraft could be taxied back to the gate.After about a minute or two it became clear that we weren't going anywhere.  I started the APU and shutdown the engines.  I made a follow up PA to the passengers. Again because I couldn't communicate with anyone on the ground and because ops wasn't providing a lot of information I didn't know what was going on around the aircraft.  There were a lot of ops trucks and people taking photos with their cell phones.  I felt very much out of the loop.  I was hoping someone would open the door and come talk to me and let me know what was going on.  I didn't want to leave my seat because we were on an active taxiway.  Eventually someone did open the main cabin door and came and spoke with me and said the airplane would need to be jacked up to get the tug out and that the passengers would deplane out of the aft passenger door and board a bus to the terminal.  I made another PA telling the passengers the plan.  Half of the passengers deplaned and filled the bus.  Then the ramp unloaded the aft baggage compartment and then the second half of the passengers deplaned.  During this process I called dispatch; told them what happened and asked to talk to the duty officer.  The dispatcher said the duty officer was aware of what was going on and would catch up with me soon.  [The duty officer] called right after that conversation.  I told him what I thought happened and I suggested that the CRV be preserved.  He agreed that I could pull the CRV circuit breaker to preserve the tapes.  He told me what I needed to do (drug tests; paperwork; meetings) and would be moving forward.After all the passengers were off the airplane I made a log book entry and turned the plane over to maintenance.  There was a flight deck jumpseater on this flight.  Later in the terminal I asked him what he remembered hearing on the pushback but he said he couldn't recall any of the exchanges.  I took down his phone number and he agreed to make a statement if necessary.Maybe lack of proper and clear phraseology; but since I can't recall all the exact words exchanged this may or may not be a cause.  I'm not 100 percent certain but I think that after the driver said set brakes; he looked behind him at the aircraft pushing from spot B.  I think when the tug lurched forward he was actually looking behind him and not forward.  I think the nosewheel went higher on the tug than it should have because of this reason.  He was looking behind him at the time and didn't initially realize what was going on.  I suspect that he accidentally pushed the gas petal while looking behind him or he decided the aircraft was too close and decided to push deeper forgetting he told me to set the brake.  Alternatively I could have misheard him; and he said something else other than set brake.  Again the CRV should clear this up. Video surveillance may also be a good tool to help see what was going on at the time.,,The beginning of the push back out of the gate was normal. Ramp control instructed us to push tail north and deep to allow company south of us push as well. We started Engine 1 at the gate and 2 on the push. During the push everything was normal and I was watching after I started the engine to ensure the tug operator pushed us deep enough north. I noticed that company was kind of close to us in proximity in the push now in front of us. I think the tug driver attempted to stop then said a garbled word followed by 'Brake'; then realized the proximity of the aircraft in front of us and kept the push going. The Captain set the Emergency brake at the word brake; and from what I recollect we were still moving. The nose wheel left the cradle of the tug and ended up on top of it. I could see the horror in the tug operator's eyes. The first thing the Captain asked the tug driver if he was ok; though communication had been lost from the headset connection. We then started the APU and shut down both engines. We advised ATC of the situation and continued to monitor Apron. Later a bus was brought out to take the passengers back to the terminal. No one was injured due to this event to my knowledge. The cause of this event is the complacency from both ground crew and Captain. Tug operator should have never said 'Brake' and the Captain should have not been so quick to set brake. I believe this incident could have been avoided if we removed the headset communication from ramp to flight deck and returned to the Basics of hand signals. That way the tug driver would have been required to remove hands from the steering wheel to show set brakes signal; and flight crew would have to look up to acknowledge the signal before setting the brakes.,,During pushback a breakdown in communication resulted in the Q400 Captain setting the parking brake and at some point the tug continuing to push. The aircraft nose wheel ended up on top of the tug.,0,0,0,0,0,0,0,0,0,0,0,0,0,0,0,0,0,0,0,0,0,0,0,0,0,0,0,0,0,0,0,0,0,0,0,0,0,0,0,0,1,0,0,0,0,0,0,0,0,0,0,0,0,0,0,0,0,0,0,0,0,0,1,1,0,0,0,0,0,1,1,0,0,0,0,0,0,0,0,0,0,0,1,0,0,0,0,1,0,0,0
1275601,201507,0601-1200,ZZZ.Airport,US,,,0.0,,,,,,,,Ramp ZZZ,Air Carrier,MD-80 Series (DC-9-80) Undifferentiated or Other Model,2.0,Part 121,IFR,Passenger,,Taxi,,,,,,,,,,,,,,,,,,,,,,,,,,,,,,,,,,,,,,,,,,,,,,,,,,,,,Aircraft X,Flight Deck,Air Carrier,Captain; Pilot Flying,Flight Crew Air Transport Pilot (ATP),,,Communication Breakdown,Party1 Flight Crew; Party2 Ground Personnel,,1275601,,,,,,,,,,,Deviation / Discrepancy - Procedural Published Material / Policy; Ground Event / Encounter Ground Strike - Aircraft,,,Person Ground Personnel,Taxi,Aircraft Aircraft Damaged,Procedure,Procedure,Cleared for pushback from Ramp Control at Airport ZZZ. Told Tug driver cleared to push; pushed back 5 feet and was advised by tug driver that he ran into a parked truck behind us.Just a mistake by Tug Driver.,,,,After receiving pushback clearance from Ramp Control; the Captain cleared tug driver to commence push back. During pushback the aircraft made contact with a parked vehicle.,0,0,0,0,0,0,0,0,0,0,0,0,0,0,0,0,0,0,0,0,0,0,0,0,0,0,0,0,0,0,0,0,0,1,0,0,0,0,0,0,0,0,0,0,0,0,0,0,0,0,0,0,0,0,0,0,0,0,0,0,0,0,1,0,0,0,0,0,0,0,0,0,0,0,0,0,0,0,0,0,0,0,0,0,0,0,0,1,0,0,0
1276043,201507,1201-1800,ZZZ.Airport,US,,,0.0,,VMC,10,,Daylight,10000,,CTAF ZZZ,FBO,PA-28 Cherokee/Archer/Dakota/Pillan/Warrior,2.0,Part 91,,Training,,Taxi,,,,,,,,,,,,,,,,,,,,,,,,,,,,,,,,,,,,,,,,,,,,,,,,,,,,,Aircraft X,Flight Deck,FBO,Pilot Flying; Instructor,Flight Crew Instrument; Flight Crew Multiengine; Flight Crew Commercial; Flight Crew Flight Instructor,Flight Crew Last 90 Days 100; Flight Crew Total 300; Flight Crew Type 100,,Fatigue; Situational Awareness,,,1276043,,,,,,,,,,,Deviation / Discrepancy - Procedural Published Material / Policy; Ground Event / Encounter Object,,,Person Flight Crew,Taxi,Aircraft Aircraft Damaged; Flight Crew Became Reoriented,Human Factors,Human Factors,I was flying with two students. We started the mission for a dual cross country with [Student X] initially and we flew to Airport ZZZ1. After landing at ZZZ1; we departed and flew north to Airport ZZZ to finish the mission; re fuel; and switch pilots. After landing at ZZZ we taxied to the ramp. I started thinking about the fueling procedure that had been demonstrated during standardization. I took over the controls as we neared the fueling station. I taxied past the station and had my student complete the shutdown checklist. After the shutdown and post flight inspection; I removed the tow bar from the baggage compartment and closed the baggage door. I positioned the tow bar pins into the nose gear and told my students that they were now allowed to walk to the restroom facility; after remembering [Student Y] indicated that he needed the restroom in flight. I pushed the airplane back toward the fuel dispenser. Once the airplane was in position; I realized that there was a downward slope toward the fuel pump that was causing the airplane to slowly roll backward on its own when I released pressure from the tow bar. I decided to wait for my students to return to help me; but I became impatient and made the decision to continue by myself. I pulled the airplane about 10 to 15 feet away from the pump; and I decided I would drop the tow bar and walk around to enter the cockpit to engage the parking break before the airplane started to move backward on its own. After determining that I could walk around the wing and engage the parking brake without the airplane moving; I did this. I think this is the main decision that lead to the incident; because I did not remove the tow bar and place it into the baggage compartment like I have in the routine of my previous flights. I left the tow bar in place so that I could be sure to have enough time to engage the parking break before a gust of wind moved the airplane. I engaged the parking brake and exited the airplane. I started thinking about the fueling process at ZZZ because this was the first time I would refuel at ZZZ by myself. I completely forgot that I had not removed the tow bar after moving the airplane and walked past it. I then focused on the fueling process; attached the ground wire and paid for the fuel. My students returned and watched as I was pulling the fuel hose out for fueling. After fueling both tanks I retracted the hose and ground wire; and retrieved the receipt. I decided to reposition the airplane; shutdown; and push into a parking spot for the preflight checklists so that someone else could use the pump; although no one was waiting for us to move. I asked my students to enter the airplane and put their headsets and seatbelts on. I entered the airplane and as [Student Y] was completing the briefing; I put my seatbelt and headset on. After the engine was started; I took the controls to make sure we would safely taxi away from the fueling area; and I planned to turn right toward the parking spots and shutdown; and have [Student X] practice pushing the airplane back. I taxied the airplane and turned right. We taxied about 30 feet and were next to the first parking spot when I heard several knocking noises; I stopped and pulled the mixture knob to idle and shut the engine down. I was thinking I forgot to remove the grounding wire as I turned everything off. When I exited the airplane; I discovered that the tow bar caused the noise as the propeller made contact with the tow bar. I called dispatch for instructions and they told me to park the airplane in a spot and tie it down.I believe the incident was caused by several small decisions and one major one; such as deciding to fly the mission while feeling slightly tired and fatigued. A normal amount at the end of a work week. And allowing the students to go to the restroom when I actually needed their help in the unfamiliar situation. Also deciding to continue to complete the process after realizing I needed help. The major decision that lead to the incident was not completing the preflight at the fueling station; and deciding to taxi away without completing at least a walk around.,,,,PA28 Instructor reports using the tow bar to position his aircraft at the fuel pump then forgetting to remove it before attempting to taxi. The propeller strikes the tow bar during taxi and the aircraft is shut down.,0,0,0,0,0,0,0,0,0,0,0,0,0,0,0,0,0,0,0,0,0,0,0,0,0,0,0,0,0,0,0,0,0,0,0,0,0,1,0,0,0,0,0,0,0,0,0,0,0,0,0,0,0,0,0,0,0,0,0,0,0,0,0,0,0,1,0,0,0,1,0,0,0,0,0,0,0,0,0,0,0,0,1,0,0,0,0,0,0,0,0
1276421,201507,0601-1200,ZZZ.Airport,US,,,0.0,,VMC,,,Daylight,,,,FBO,PA-28 Cherokee/Archer/Dakota/Pillan/Warrior,3.0,Part 91,,Training,,Parked,,,,,,,,,,,,,,,,,,,,,,,,,Propeller Blade,,X,,,,,,,,,,,,,,,,,,,,,,,,,,Aircraft X,Flight Deck,FBO,Pilot Flying; Instructor,Flight Crew Commercial; Flight Crew Flight Instructor,,,Time Pressure; Situational Awareness; Distraction,,,1276421,,,,,,,,,,,Aircraft Equipment Problem Less Severe; Deviation / Discrepancy - Procedural Published Material / Policy; Ground Event / Encounter Object,,,Person Flight Crew,Taxi,Aircraft Aircraft Damaged; General Maintenance Action,Human Factors,Human Factors,I was flying with two students. We experienced an incident where the tow bar that is used to move the airplane on the ground was left on the nose gear; which made contact with the propeller during taxi to the parking area.  We started the mission [early morning] for a dual cross country.  After landing at Airport ZZZ1; we departed and flew to Airport ZZZ to finish the mission; refuel; and switch pilots.  After landing at ZZZ we taxied to the ramp.  I started thinking about the fueling procedure that had been demonstrated during standardization.  I took over the controls as we neared the fueling station.  I taxied past the station and had my student complete the shutdown checklist.  After the shutdown and post flight inspection; I removed the tow bar from the baggage compartment and closed the baggage door.  I positioned the tow bar pins into the nose gear and told my students that they were now allowed to walk to the restroom facility.  I pushed the airplane back toward the fuel dispenser.  Once the airplane was in position; I realized that there was a downward slope toward the fuel pump that was causing the airplane to slowly roll backward on its own when I released pressure from the tow bar.  I decided to wait for my students to return to help me; but I became impatient and made the decision to continue by myself.  I pulled the airplane about 10 to 15 feet away from the pump; and I decided I would release the tow bar and walk around to enter the cockpit to engage the parking brake before the airplane started to move backward on its own.  After determining that I could walk around the wing and engage the parking brake without the airplane moving; I did this.  I think this is the main decision that lead to the incident; because I did not remove the tow bar and place it into the baggage compartment like I have in the routine of my previous flights.  I left the tow bar in place so that I could be sure to have enough time to engage the parking break before a gust of wind moved the airplane.  I engaged the parking brake and exited the airplane.  I started thinking about the fueling process at ZZZ because this was the first time I would refuel at ZZZ by myself.  I completely forgot that I had not removed the tow bar after engaging the parking break.  I then focused on the fueling process; attached the ground wire and paid for the fuel.  My students returned and watched as I was pulling the fuel hose out for fueling.  I fueled the left tank and as I was dragging the hose around the front of the airplane to fuel the right tank; I noticed the tow bar was still in the nose gear.  But I decided to continue the fueling process and would remove the tow bar after fueling.  After fueling the right tank; I dragged the hose around to the left side and asked my students to remove the grounding wire and tow bar.  I then focused on retracting the hose and spent several minutes trying to figure out how to retract the grounding wire.  I failed to check if the tow bar had been removed. During this time I asked my students to start getting ready for the flight.  This is because I decided to re-position the airplane; shutdown; and push into a parking spot for the pre-flight checklist so that someone else could use the pump; although no one was waiting for us to move.  I asked my students to enter the airplane and put their headsets and seatbelts on.  I entered the airplane and as my Student X was completing the briefing; I put my seatbelt and headset on.  After the engine was started; I took the controls to make sure we would safely taxi away from the fueling area; and I planned to turn right toward the parking spots and shutdown; and have Student Y practice pushing the airplane back.  I taxied the airplane and turned right.  We taxied about 30 feet and when I started heavy braking; I heard several knocking noises.  I stopped and pulled the mixture knob to idle and shut the engine down; and electrical switches off.  When I exited the airplane; I discovered that the tow bar caused the noise as the propeller made contact with the tow bar.  I called dispatch for instructions and they told me to park the airplane in a spot and tie it down.  After parking the airplane I inspected the damage; and discovered a portion of the propeller and tow bar were missing.  I began looking around the area for damage to the facilities; other airplanes; and the ramp surface; but did not discover any damage.  I started thinking about the regulation of NTSB reporting of a separation of propeller blade.  I believe the incident was caused by several small decisions and one major one; such as allowing the students to go to the restroom when I actually needed their help in the unfamiliar situation.  Also deciding to continue to complete the process after realizing I needed help.  The major decision that lead to the incident was not completing the preflight at the fueling station; and deciding to taxi away without completing at least a walk around.  I am going to avoid a recurrence of this event by making sure the tow bar has been removed and placed in the baggage compartment when the tow bar is no longer required.  I will complete the entire pre-flight checklist personally before any operations.  I will utilize the help from my students whenever possible if it will increase the safety of operations rather than detract from it.  I will attempt to identify lack of alertness during all operations; and maintain 100% focus during operations.  If I believe that I am not performing at 100% at any time; I will discontinue the mission regardless of the impact on my flight schools operations.  I will take measures to constantly be asking myself what I should be doing to maintain safety; asking what else I need to be doing other than specified by checklist; and determining if I have completed all of the required tasks for safe operations.  Especially during unfamiliar situations.  I plan to restudy risk management methods and remain current.,,,,A flight instructor with 2 students became distracted and started the engine with the tow bar still attached to the nose landing gear of a Piper Cherokee; causing damage to the propeller.,0,0,1,0,0,0,0,0,0,0,0,0,0,0,0,0,0,0,0,0,0,0,0,0,0,0,0,0,0,0,0,0,0,0,0,0,0,1,0,0,0,0,0,0,0,0,0,0,0,0,0,0,0,0,0,0,0,0,0,0,0,0,0,0,1,0,0,0,0,1,1,0,0,0,0,0,0,0,0,0,0,0,1,0,0,0,0,0,0,0,0
1276486,201506,1201-1800,ZZZ.Airport,US,,,150.0,,VMC,,,Daylight,,,Tower ZZZ,Personal,M-20 Series Undifferentiated or Other Model,1.0,Part 91,IFR,Personal,,Initial Climb; Takeoff / Launch,,Class D ZZZ,,,,,,,,,,,,,,,,,,,,,,,Spark Plug,,X,Failed,,,,,,,,,,,,,,,,,,,,,,,,,Aircraft X,Flight Deck,Personal,Pilot Flying; Single Pilot,Flight Crew Private; Flight Crew Instrument,Flight Crew Last 90 Days 28; Flight Crew Total 800; Flight Crew Type 558,,Situational Awareness; Time Pressure,,,1276486,,,,,,,,,,,Aircraft Equipment Problem Critical; Ground Event / Encounter Other / Unknown,,,Person Flight Crew,In-flight,Aircraft Aircraft Damaged; Flight Crew Took Evasive Action; Flight Crew Landed in Emergency Condition; General Maintenance Action,Aircraft; Procedure,Aircraft,Ground assigned me an intersection departure on Runway XY. I declined the intersection departure and requested full length as it was the first flight post-maintenance. Runway XY is 10;000 FT in length with a grass overrun area at the end. After runup; I took off and when I reached approximately 150 feet AGL; I experienced what felt to be a complete loss of engine power; pulled the throttle to the idle position; configured the aircraft for landing and landed straight ahead; overshooting the end of the runway. I landed in the grass field past the end of the runway and slightly to the right to avoid approach lights. Prior to the incident; maintenance to the alternator was performed in which the air ducting to the fuel servo had been removed. It was reported to me that mechanical examination after the incident revealed that both spark plugs in the #4 cylinder experienced destructive damage as well as damage to the top of the piston.,,,,During the takeoff following alternator maintenance; a M-20 pilot experienced what he believed was a complete power loss. He landed long and rolled of the runway end. Later; Maintenance found number four piston top and both its spark plugs damaged.,0,1,0,0,0,0,0,0,0,0,0,0,0,0,0,0,0,0,0,0,0,0,0,0,0,0,0,0,0,0,0,0,0,0,0,0,0,0,1,0,0,0,0,0,0,0,0,0,0,0,0,0,0,0,0,0,0,0,0,0,0,0,0,0,0,0,0,0,0,1,1,0,0,0,0,1,0,0,0,0,0,0,0,0,0,0,0,1,0,0,0
1276946,201507,1201-1800,ZZZ.Airport,US,,,0.0,,,,,Daylight,,,Ground ZZZ,Fractional,Challenger 605,2.0,Part 135,IFR,Passenger,,Taxi,,,,,,,,,,,,,,,,,,,,,,,,,,,,,,,,,,,,,,,,,,,,,,,,,,,,,Aircraft X,Flight Deck,Fractional,Pilot Not Flying; First Officer,Flight Crew Air Transport Pilot (ATP),,,Situational Awareness,,,1276946,Aircraft X,Flight Deck,Fractional,Pilot Flying; Captain,Flight Crew Air Transport Pilot (ATP),,,Situational Awareness; Other / Unknown,,1276947.0,Deviation / Discrepancy - Procedural Published Material / Policy; Ground Event / Encounter Aircraft,,,Person Ground Personnel,Routine Inspection,Aircraft Aircraft Damaged; Flight Crew Became Reoriented; General Maintenance Action,Human Factors; Aircraft,Human Factors,We were taxiing out towards Z1 when we were advised to exit Z2 because a plane was being towed in on Z1. We made a left turn down one of the last lanes on the ramp to proceed to Z2. We taxied between 2 planes that were parked. I was looking out the right side to assure clearance and informed the captain; who was taxiing; that we had plenty of room. I assumed we cleared the left side as we continued to taxi. I felt a small bump as we taxied out; and assumed we had passed over one of the drainage grates on the ramp. Upon landing; as I opened the door; the lineman said something to the effect of 'you're missing part of the wing'. I looked up to see that the top of the winglet was indeed missing. I informed the captain of the problem and he proceeded to take pictures and call maintenance. Perhaps wing walkers in the ramp area until we are out of the ramp area and on to a taxiway.,,The aircraft was parked in the first row facing the FBO building. We had been on a ground hold for departure and once we got a clearance to start engines; I performed the final walk round and closed the door. After engine start and after start checklist were accomplished we received taxi clearance. A ramp marshal guided us out of our parking spot and we proceeded toward Z1. As we approached Z1; ground redirected us to exit the ramp at Z2 due to an airliner being towed toward Z1. We made a left turn and taxied across the back row of the ramp toward Z2. There were two airplanes parked at the far end of the ramp; near Z2; one on parked to our left; and one on our right. There appeared to be ample spacing for us to pass easily between the parked aircraft. I slowed the taxi and we checked wing tips for clearance. I did steer slightly left of the first airplane; which was on our right. The PM; sitting in the right seat stated we had plenty on clearance; and also we were clear of that airplane. I was watching the left wing then; and steered slightly back to the right. I watched the left wing until I believed we were well clear of the airplane on our left. I stated; 'ok; we are clear on the left'. We felt a bump; and because I was sure we were clear of both airplanes believed I had rolled across a steel grated storm drain. I had veered slightly on the first portion of the taxi to go around two other grates in the ramp so this made sense to both of us. Since I had thought we were clear of the aircraft on the left; we never considered that we had hit it the parked aircraft.The flight was normal; with no anomalies noted on the airplane. After shutting down and opening the door on the ramp we discovered the damaged winglet and immediately notified the company. Misjudged wing clearance. Contacted dispatch for flight recovery. Sent pictures and called maintenance. Called and spoke with CL60 chief pilot. Wing walker would have prevented this. We didn't call for them because I incorrectly believed we had more than ample space to pass between parked aircraft.,,CL605 flight crew experiences damage to the left winglet during taxi out from the FBO ramp. The damage is not detected at the time but reported by ground personnel at the arrival airport.,0,0,0,0,0,0,0,0,0,0,0,0,0,0,0,0,0,0,0,0,0,0,0,0,0,0,0,0,1,0,0,0,0,0,0,0,0,0,0,0,0,0,0,0,0,0,0,0,0,0,0,0,0,0,0,0,0,0,0,0,0,0,0,0,0,0,0,0,0,1,0,0,0,0,0,1,0,0,0,0,0,0,1,0,0,0,0,0,0,0,0
1277383,201507,1201-1800,ZZZ.Airport,US,,,0.0,,,10,,Daylight,12000,,CTAF ZZZ,Personal,Skyhawk 172/Cutlass 172,1.0,Part 91,VFR,Passenger,,Landing,Direct,,,,,,,,,,,,,,,,,,,,,,,,Propeller Spinner,,X,,,,,,,,,,,,,,,,,,,,,,,,,,,Flight Deck,Personal,Pilot Flying,Flight Crew Private,Flight Crew Last 90 Days 80; Flight Crew Total 145; Flight Crew Type 145,,Situational Awareness,,,1277383,,,,,,,,,,,Ground Event / Encounter Object; Ground Excursion Runway; Inflight Event / Encounter Object; Inflight Event / Encounter Unstabilized Approach,,,Person Flight Crew,In-flight,Aircraft Aircraft Damaged; Flight Crew Took Evasive Action; Flight Crew Regained Aircraft Control; General Maintenance Action,Weather; Airport; Human Factors,Human Factors,I successfully landed at ZZZ; I had overflown the airport looking for a windsock to determine which runway to use on my landing. Arriving from the south there is no windsock visible; I saw a helicopter taking off from runway 32. I had not been advised on wind conditions from Unicom; as no one answered; so I decided to land on runway 32 taking into account the direction the helicopter was departing. After a successful landing on my first try; I refueled and waited for my friend and his wife to arrive. Upon their arrival and after doing a preflight on the aircraft; checking weight and balance and briefing them on the passenger brief prior to takeoff; we back taxied on runway 32; which I announced on CTAF 122.8. After departing from runway 32 with a headwind right down runway 32 we departed to the west to do some sightseeing; while talking to Approach and receiving a squawk code for flight following. When we were within 5 nautical miles from ZZZ; Approach cleared me for squawking VFR (1200); frequency change was approved and radar service was terminated. Switching back to 122.8; I requested information regarding the winds but received no response. Seeing the same helicopter departing from runway 32 when we were coming in to look at the windsock; I decided to use runway 32; as the weather conditions had not changed since my successful landing an hour prior. After entering the traffic pattern I decided to do a go around prior to being committed to the runway; due to being high in altitude. After doing a go around I had the altitude set up perfectly for a landing on the touchdown zone; halfway down the runway indicated by perpendicular white lines across the runway. Seconds before the main wheels were to touch down a slight headwind hit the aircraft (estimated to be 5-8 knots) and floated us down the runway further than expected. When the wheels finally touched the runway I looked at my airspeed and noticed it indicated 40-45 KTS. I thought we were too far down the runway with our airspeed too low to do another go around; especially with the buildings in front of the runway. When we contacted the runway I applied full brakes. We ran out of runway prior to the propeller striking the fence at the end of runway 32. The fence suffered very minor damage; while causing a slight bend in one of the propeller blades. The aircraft suffered minor damage to the propeller; a minor bend in one of the blades and the propeller spinner cone and some dents and chips of paint missing.  The windsock cannot be viewed from arriving from the south or west; as the windsock is on top the building. The weather conditions had not changed from the first successful landing to the landing that ended in a propeller strike had no reason to anticipate gusty wind conditions compared to the first landing or anticipate more of a concern for this landing. Was never advised of current weather conditions at the airport from Unicom.,,,,The pilot of a Cessna 172 landed long on a relatively short runway; which led to a runway excursion and contact with a fence.,0,0,0,0,0,0,0,0,0,0,0,0,0,0,0,0,0,0,0,0,0,0,0,0,0,0,0,0,0,0,0,0,0,0,0,0,0,1,0,0,0,0,0,1,0,0,0,0,0,0,0,0,0,0,1,0,1,0,0,0,0,0,0,0,0,0,0,0,0,1,0,0,0,0,0,0,1,0,0,0,0,0,1,0,0,0,0,0,0,0,1
1277976,201506,1201-1800,ZZZ.Airport,US,,,,1700.0,VMC,6,,Daylight,10000,,,Personal,PA-24 Comanche,,Part 91,,Personal,,Landing,Direct; Visual Approach,,,,,,,,,,,,,,,,,,,,,,,,Landing Gear,,X,,,,,,,,,,,,,,,,,,,,,,,,,,Aircraft X,Flight Deck,Personal,Single Pilot; Pilot Flying,Flight Crew Private; Flight Crew Instrument,Flight Crew Last 90 Days 8.5; Flight Crew Total 703; Flight Crew Type 102,,Troubleshooting; Time Pressure; Training / Qualification; Confusion,,,1277976,,,,,,,,,,,Aircraft Equipment Problem Critical,,,Person Flight Crew,,Aircraft Aircraft Damaged; General Maintenance Action,Human Factors; Aircraft,Aircraft,I flew back to ZZZ after dropping my son off in ZZZ1. On the return trip I lost my GPS and HSI. When descending for landing the radio was noted to be weak---diagnosed electrical/alternator problem. The landing gear was quickly put down at which time all remaining electrical power was lost. Emergency manual extension reviewed and followed. Gear was thought to be down and locked--confirmed by looking in left wing mirror and by feeling extension lever. Attempted to land--gear buckled--repowered aircraft and circled to give time to think. Again tried both electrical and manual extension--felt gear locked. Attempted to land again. This time main gear held for about 2-5 seconds at which point the left gear failed and then the nose gear causing propeller strike. The aircraft stopped safely on the runway. No injury to myself (sole passenger) nor was there any property damage.,,,,The landing gear collapsed after landing following an electrical failure.,0,1,0,0,0,0,0,0,0,0,0,0,0,0,0,0,0,0,0,0,0,0,0,0,0,0,0,0,0,0,0,0,0,0,0,0,0,0,0,0,0,0,0,0,0,0,0,0,0,0,0,0,0,0,0,0,0,0,0,0,0,0,0,1,0,0,0,0,0,0,1,1,1,0,0,1,0,0,0,0,0,0,1,0,0,0,0,0,0,0,0
1278493,201507,1201-1800,ZZZ.Airport,US,,,0.0,,VMC,Clear Ground Visability,,Daylight,,,,Personal,J3 Cub,1.0,Part 91,,Personal,,Taxi,,,,,,,,,,,,,,,,,,,,,,,,,,,,,,,,,,,,,,,,,,,,,,,,,,,,,Aircraft X,Flight Deck,Personal,Single Pilot,Flight Crew Commercial,Flight Crew Last 90 Days 15; Flight Crew Total 1759; Flight Crew Type 135,,Situational Awareness,,,1278493,,,,,,,,,,,Ground Event / Encounter Aircraft,,,Person Flight Crew,Taxi,Aircraft Aircraft Damaged,Human Factors,Human Factors,The Piper Cub was repositioned approx. 10 feet from the tie-down. Following engine start and warm-up I started to move the Cub forward (I was repositioning to the fuel dock only).  As the Cub started to move forward the right wing of the Cub make contact with the left wing of a parked C-172.  The Cub then rotated to the right and made further contact with the left wing of the C-172; causing damage to both aircraft.,,,,A Piper Cub pilot reports knocking wing tips with a parked C172 during taxi to the fuel dock. Both aircraft are damaged.,0,0,0,0,0,0,0,0,0,0,0,0,0,0,0,0,0,0,0,0,0,0,0,0,0,0,0,0,1,0,0,0,0,0,0,0,0,0,0,0,0,0,0,0,0,0,0,0,0,0,0,0,0,0,0,0,0,0,0,0,0,0,0,0,0,0,0,0,0,1,0,0,0,0,0,0,0,0,0,0,0,0,1,0,0,0,0,0,0,0,0
1278661,201507,1801-2400,ZZZ.Airport,US,,,0.0,,VMC,,,Night,,,Tower ZZZ,Air Carrier,Regional Jet 200 ER/LR (CRJ200),2.0,Part 121,IFR,Passenger,,Takeoff / Launch,,,,,,,,,,,,,,,,,,,,,,,,,Taxiing Light,,X,Improperly Operated,,,,,,,,,,,,,,,,,,,,,,,,,Aircraft X,Flight Deck,Air Carrier,First Officer; Pilot Flying,Flight Crew Air Transport Pilot (ATP),,,Distraction; Situational Awareness; Troubleshooting; Time Pressure,,,1278661,,,,,,,,,,,Aircraft Equipment Problem Critical; Aircraft Equipment Problem Less Severe; Deviation / Discrepancy - Procedural Maintenance,,,Automation Aircraft Other Automation; Person Flight Crew,In-flight,Aircraft Aircraft Damaged; Flight Crew Returned To Gate; Flight Crew Rejected Takeoff; General Release Refused / Aircraft Not Accepted; General Maintenance Action,Airport; Human Factors; Procedure,Procedure,The event occurred around very in the evening while departing Runway 19. We had been cleared for takeoff; I was the flying pilot and started the normal takeoff profile. At around 80-85 KIAS the Captain and I both felt a yawing motion while on the runway; accompanied with an engine noise that was a different pitch than we normally hear. A spilt-second later I noticed the left engine Interstage Turbine Temperature (ITT) gauge was blinking red; around 928C. I called for an abort; we performed the rejected takeoff profile; and I advised Tower that we were aborting. The Captain had the left engine at idle and the engine still showed a high ITT; and the right engine was used in reverse to help us stop and we exited on to Taxiway November. We decided to shut down the left engine as we exited the runway because of the high ITT. We had no indication of fire and we did not know if there was damage so we told ground we were going back to the gate. Upon arrival at the gate; we inspected the left engine to find damage to the bottom part of the engine cowl and damaged N1 fan blades. I looked for further damage and found the left wing lens cover on the taxi light was missing; we noted that the left taxi light had just been replaced and signed off my maintenance; so the captain and I both thought it had come loose on the takeoff roll and caused the incident. We wrote up the aircraft for damage and swapped into another airplane and continued to our destination with no further events.,,,,A CRJ-200 crew rejected the takeoff after the left engine compressor section was damaged during takeoff when a taxi light lens was ingested. Maintenance had just replaced the light and installed the lens prior to the flight.,0,1,1,0,0,0,0,0,0,0,0,0,0,0,0,0,0,0,0,0,0,0,0,0,0,0,0,0,0,0,0,0,0,0,0,0,0,0,0,0,0,0,0,0,0,0,0,0,0,0,0,0,0,0,0,0,0,0,0,0,0,0,0,0,1,0,0,0,0,1,1,0,1,0,0,0,1,0,0,0,0,0,1,0,0,0,0,1,0,0,0
1278764,201507,1201-1800,ZZZ.Airport,US,120.0,4.0,0.0,,,Windshear; Rain,,Daylight,,,Tower ZZZ,,Beaver DHC-2,1.0,Part 91,,Passenger,,Landing,,Class D ZZZ,,,,,,,,,,,,,,,,,,,,,,,,,,,,,,,,,,,,,,,,,,,,,,,,,,,Aircraft X,Flight Deck,Other FISHING LODGE,Single Pilot,Flight Crew Air Transport Pilot (ATP),Flight Crew Last 90 Days 25; Flight Crew Total 9650; Flight Crew Type 425,,Situational Awareness,,,1278764,,,,,,,,,,,Ground Event / Encounter Other / Unknown; Ground Excursion Runway; Inflight Event / Encounter Weather / Turbulence,,,Person Flight Crew,In-flight,Aircraft Aircraft Damaged,Airport; Human Factors; Weather,Weather,I was returning guests/fishermen from a fishing location. The weather along the route was VFR with occasional rain (which reduced visibility to 3-4 miles). Approaching my destination I listened to the current ZZZ ATIS which was reporting wind from the north at 7 mph; few clouds at 3;500 feet; BKN at 5;500 feet and visibility greater than 10 miles with light rain. Considering the wind direction I decided to land to the north (on the river). During my approach I heard the controller reporting (to another landing traffic) of wind from the northwest. I saw the rain in the vicinity of my destination but didn't suspect it to be different from what I had encountered along my route of flight.Just before touching down I encountered what was probably a micro-burst with a wind shift and a torrential rain that hindered forward visibility through the windshield. I concentrated on my landing looking at the water through the side window and not being aware of the wind direction shift; to approximately 20 kts tailwind. Upon touching down and still 'on the step' I realized the situation and that I had no options left but to aim toward the furthest point of the river and shut off the engine. I hit the slope of the river bank with minimal force (though the ELT went off). There were no injuries and my 4 passengers immediately left the aircraft. There was no damage to the aircraft other than a small crack in the front of the right float.My main concern is that there is not much for me to learn from this event other than treating every landing as a new and unfamiliar location (and not relying solely on reports; including ATC).,,,,A DHC2 floatplane pilot reports landing on a river and entering a microburst just before touch down. A tailwind results in a high touch down speed and insufficient time to stop before reaching the shore. Damage is minimal but contact with the shore activates the ELT.,0,0,0,0,0,0,0,0,0,0,0,0,0,0,0,0,0,0,0,0,0,0,0,0,0,0,0,0,0,0,0,0,0,0,0,0,0,0,1,0,0,0,0,1,0,0,0,0,0,0,0,0,0,0,0,0,0,0,0,1,0,0,0,0,0,0,0,0,0,1,0,0,0,0,0,0,1,0,0,0,0,0,1,0,0,0,0,0,0,0,1
1279115,201507,1801-2400,ZZZ.Airport,US,,,0.0,,VMC,,,Night,,,Ramp ZZZ,Air Carrier,B737 Next Generation Undifferentiated,2.0,Part 121,IFR,Passenger,,Taxi,,,,,,,,,,,,,,,,,,,,,,,,,,,,,Ramp ZZZ,Air Carrier,B737 Next Generation Undifferentiated,2.0,Part 121,IFR,Passenger,,Taxi,,,,,,,,,,,,,,,,Aircraft X,Flight Deck,Air Carrier,Pilot Not Flying; First Officer,,Flight Crew Last 90 Days 235,,Situational Awareness; Distraction; Confusion; Communication Breakdown,Party1 Flight Crew; Party2 Ground Personnel,,1279115,Aircraft X,Flight Deck,Air Carrier,Captain; Pilot Flying,Flight Crew Air Transport Pilot (ATP),Flight Crew Last 90 Days 220,,Distraction; Communication Breakdown; Situational Awareness,Party1 Flight Crew; Party2 Ground Personnel,1279128.0,Deviation / Discrepancy - Procedural Published Material / Policy; Ground Event / Encounter Aircraft,,,Person Flight Crew,Taxi,Aircraft Aircraft Damaged; Flight Crew Returned To Gate; General Flight Cancelled / Delayed,Human Factors; Procedure,Procedure,We had pushed off of Gate X and were completing the engine start on the number one engine when the aircraft on Gate XY pushed back between us and the aircraft that had pushed off of Gate XZ. We were given clearance to turn right 270 degrees to taxi to Spot X. As we started the turn the Captain hit the brakes and exclaimed that we had hit the aircraft's wing. I didn't feel an impact; I only felt the Captain applying the brakes. As I couldn't see the wing on the left side. I took him at his word that we had touched wingtips. We then coordinated with Operations and Ramp Control to taxi back into the gate.Ground Crews waiting before pushing adjacent aircraft at night. Our aircraft touched wingtips with the aircraft that pushed back next to us.,,Pushback and start were uneventful. However; we noticed an aircraft off of Gate X which had pushed; which would require us to make a right 270 turn out of the ramp to taxi to Runway XY if they did not taxi soon. Soon thereafter; an -800 aircraft on Gate X; immediately to our left; began its push. The FO and I both commented on how close the aircraft were at the gates and I kept my eye on their push because I knew they would be close to us. The -800 Pushback Crew began to turn the tail of the -800 away from us to give more room. The -800 Crew stopped the taxi and the -800 Wing Walker on the right side of the -800 indicated the wings were clear. The -800 winglet was approximately 10 feet in front of my winglet. We called for taxi and were given a right 270 to taxi to Runway XY. I cleared right and from my point of view we were well clear of the -800 and the Wing Walker appeared to be giving a clear sign to his Tug Driver. I added power and started an immediate right turn; crosschecking the winglets. The winglets appeared to be clear; but as I turned; my left winglet grazed the right winglet of the -800. I stopped the taxi and told the FO I hit the -800. He didn't feel the impact and thought it was me getting on the brakes. We coordinated to go back to the gate and have the aircraft inspected. Our -700 had virtually no damage. The -800 had a scrape on the winglet that was extremely hard to see. Again; the winglets appeared to be clear from the cockpit; the Wing Walker gave no indication the winglets were not clear; but my expectation was not the reality of the situation.,,A B737 First Officer reported that during pushback; as they turned away from the gate to taxi; the Captain reported his left wing contacted the wing of the adjacent aircraft. The aircraft returned to the gate.,0,0,0,0,0,0,0,0,0,0,0,0,0,0,0,0,0,0,0,0,0,0,0,0,0,0,0,0,1,0,0,0,0,0,0,0,0,0,0,0,0,0,0,0,0,0,0,0,0,0,0,0,0,0,0,0,0,0,0,0,0,0,1,1,1,0,0,0,0,1,0,0,0,0,0,0,0,0,0,0,0,0,1,0,0,0,0,1,0,0,0
1280039,201507,1801-2400,ZZZ.Airport,US,,,0.0,,VMC,10,,Dusk,12000,,CTAF ZZZ,Personal,Cessna 310/T310C,1.0,Part 91,IFR,Personal,,Landing,Vectors,Class G ZZZ,,,,,,,,,,,,,,,,,,,,,,,,,,,,,,,,,,,,,,,,,,,,,,,,,,,Aircraft X,Flight Deck,Personal,Pilot Flying,Flight Crew Instrument; Flight Crew Multiengine,Flight Crew Last 90 Days 24; Flight Crew Total 514; Flight Crew Type 150,,Situational Awareness,,,1280039,,,,,,,,,,,Deviation / Discrepancy - Procedural Published Material / Policy; Ground Event / Encounter Gear Up Landing,,,Person Flight Crew,In-flight,Aircraft Aircraft Damaged,Human Factors,Human Factors,We departed on an IFR plan.  Upon arriving to [our destination] I cancelled IFR and entered the pattern for [the] runway appropriately but was too high and fast on landing so I performed a go-around; retracted the gear and flaps. Upon attempting the second landing; I forgot to bring the gear down.  The alarm went off but was not distinguishable from the stall alarm; which triggers at times upon touchdown.  The alarm stopped and as I continued to descend; it became apparent the plane was too low.  As I applied power to go around; I felt the propellers hit the ground.  Realizing I did not have enough runway left; I flew over the fence and brought the plane down on the field on the other side of the airport.  The plane slid less than 100 yards.  We exited the plane without incidents; all electrical devices were turned off as were the gas tanks. No other structures or individuals were injured.,,,,C310 pilot reported landing gear up after mistaking the gear warning horn for the stall warning horn.,0,0,0,0,0,0,0,0,0,0,0,0,0,0,0,0,0,0,0,0,0,0,0,0,0,0,0,0,0,0,0,0,0,0,0,0,0,0,0,0,0,0,0,0,0,0,0,0,0,0,0,0,0,0,0,0,0,0,0,0,0,0,0,0,0,0,0,0,0,1,0,0,0,0,0,0,0,0,0,0,0,0,1,0,0,0,0,0,0,0,0
